cpse_code,source_material_code,raw_description,raw_uom,manufacturer,part_number,category_hint
CPSE_A,NTPC-MAT-BOL-01001,HEX BOLT M10X50 SS304 GR 8.8 IS 1363,KG,UNBRAKO,PN-BOL-000,BOLT
CPSE_A,NTPC-MAT-BOL-01002,BOLT HEX M10 X 50 SS304 8.8 IS 1363,EA,HAVELS,PN-BOL-000,BOLT
CPSE_A,NTPC-MAT-BOL-01003,HEX HEAD BOLT M10X50 MM SS304 GRADE 8.8,SET,UNBRAKO,PN-BOL-000,BOLT
CPSE_A,NTPC-MAT-BOL-01004,FASTENER HEX BOLT M10 * 50 SS304 CLASS 8.8,MTR,UNBRAKO,PN-BOL-000,BOLT
CPSE_A,NTPC-MAT-BOL-01005,BOLT M10X50 8.8 SS304,SET,L&T,PN-BOL-000,BOLT
CPSE_A,NTPC-MAT-BOL-01006,HEX BOLT M10X50 SS304 GR 8.8 IS 1363,PC,SKF,PN-BOL-000,BOLT
CPSE_A,NTPC-MAT-BOL-01007,BOLT HEX M10 X 50 SS304 8.8 IS 1363,SET,UNBRAKO,PN-BOL-000,BOLT
CPSE_A,NTPC-MAT-BOL-01008,HEX HEAD BOLT M10X50 MM SS304 GRADE 8.8,KG,FAG,PN-BOL-000,BOLT
CPSE_A,NTPC-MAT-BOL-01009,FASTENER HEX BOLT M10 * 50 SS304 CLASS 8.8,PC,GENERIC,PN-BOL-000,BOLT
CPSE_A,NTPC-MAT-BOL-01010,BOLT M10X50 8.8 SS304,NOS,HAVELS,PN-BOL-000,BOLT
CPSE_A,NTPC-MAT-BOL-01011,HEX BOLT M10X50 SS304 GR 8.8 IS 1363,NOS,FAG,PN-BOL-000,BOLT
CPSE_A,NTPC-MAT-BOL-01012,BOLT HEX M10 X 50 SS304 8.8 IS 1363,PC,TATA,PN-BOL-000,BOLT
CPSE_A,NTPC-MAT-BOL-01013,HEX BOLT M12X60 SS316 GR 10.9 ISO 4014,KG,TATA,PN-BOL-001,BOLT
CPSE_A,NTPC-MAT-BOL-01014,BOLT HEX M12 X 60 SS316 10.9 ISO 4014,EA,HAVELS,PN-BOL-001,BOLT
CPSE_A,NTPC-MAT-BOL-01015,HEX HEAD BOLT M12X60 MM SS316 GRADE 10.9,PC,FAG,PN-BOL-001,BOLT
CPSE_A,NTPC-MAT-BOL-01016,FASTENER HEX BOLT M12 * 60 SS316 CLASS 10.9,KG,FAG,PN-BOL-001,BOLT
CPSE_A,NTPC-MAT-BOL-01017,BOLT M12X60 10.9 SS316,EA,TATA,PN-BOL-001,BOLT
CPSE_A,NTPC-MAT-BOL-01018,HEX BOLT M12X60 SS316 GR 10.9 ISO 4014,SET,L&T,PN-BOL-001,BOLT
CPSE_A,NTPC-MAT-BOL-01019,BOLT HEX M12 X 60 SS316 10.9 ISO 4014,SET,UNBRAKO,PN-BOL-001,BOLT
CPSE_A,NTPC-MAT-BOL-01020,HEX HEAD BOLT M12X60 MM SS316 GRADE 10.9,KG,FAG,PN-BOL-001,BOLT
CPSE_A,NTPC-MAT-BOL-01021,FASTENER HEX BOLT M12 * 60 SS316 CLASS 10.9,MTR,SKF,PN-BOL-001,BOLT
CPSE_A,NTPC-MAT-BOL-01022,BOLT M12X60 10.9 SS316,PC,GENERIC,PN-BOL-001,BOLT
CPSE_A,NTPC-MAT-BOL-01023,HEX BOLT M12X60 SS316 GR 10.9 ISO 4014,EA,FAG,PN-BOL-001,BOLT
CPSE_A,NTPC-MAT-BOL-01024,BOLT HEX M12 X 60 SS316 10.9 ISO 4014,MTR,UNBRAKO,PN-BOL-001,BOLT
CPSE_A,NTPC-MAT-BOL-01025,HEX BOLT M16X70 CARBON_STEEL GR 8.8 DIN 931,EA,SKF,PN-BOL-002,BOLT
CPSE_A,NTPC-MAT-BOL-01026,BOLT HEX M16 X 70 CARBON_STEEL 8.8 DIN 931,MTR,SKF,PN-BOL-002,BOLT
CPSE_A,NTPC-MAT-BOL-01027,HEX HEAD BOLT M16X70 MM CARBON_STEEL GRADE 8.8,EA,UNBRAKO,PN-BOL-002,BOLT
CPSE_A,NTPC-MAT-BOL-01028,FASTENER HEX BOLT M16 * 70 CARBON_STEEL CLASS 8.8,KG,FAG,PN-BOL-002,BOLT
CPSE_A,NTPC-MAT-BOL-01029,BOLT M16X70 8.8 CARBON_STEEL,KG,FAG,PN-BOL-002,BOLT
CPSE_A,NTPC-MAT-BOL-01030,HEX BOLT M16X70 CARBON_STEEL GR 8.8 DIN 931,MTR,FAG,PN-BOL-002,BOLT
CPSE_A,NTPC-MAT-BOL-01031,BOLT HEX M16 X 70 CARBON_STEEL 8.8 DIN 931,SET,HAVELS,PN-BOL-002,BOLT
CPSE_A,NTPC-MAT-BOL-01032,HEX HEAD BOLT M16X70 MM CARBON_STEEL GRADE 8.8,NOS,TATA,PN-BOL-002,BOLT
CPSE_A,NTPC-MAT-BOL-01033,FASTENER HEX BOLT M16 * 70 CARBON_STEEL CLASS 8.8,MTR,TATA,PN-BOL-002,BOLT
CPSE_A,NTPC-MAT-BOL-01034,BOLT M16X70 8.8 CARBON_STEEL,EA,UNBRAKO,PN-BOL-002,BOLT
CPSE_A,NTPC-MAT-BOL-01035,HEX BOLT M16X70 CARBON_STEEL GR 8.8 DIN 931,EA,SKF,PN-BOL-002,BOLT
CPSE_A,NTPC-MAT-BOL-01036,BOLT HEX M16 X 70 CARBON_STEEL 8.8 DIN 931,KG,L&T,PN-BOL-002,BOLT
CPSE_A,NTPC-MAT-BOL-01037,STUD BOLT M20X100 SS304 GR A2-70 ASME B18.31.2,EA,UNBRAKO,PN-BOL-003,BOLT
CPSE_A,NTPC-MAT-BOL-01038,BOLT HEX M20 X 100 SS304 A2-70 ASME B18.31.2,SET,FAG,PN-BOL-003,BOLT
CPSE_A,NTPC-MAT-BOL-01039,HEX HEAD BOLT M20X100 MM SS304 GRADE A2-70,SET,HAVELS,PN-BOL-003,BOLT
CPSE_A,NTPC-MAT-BOL-01040,FASTENER STUD BOLT M20 * 100 SS304 CLASS A2-70,EA,L&T,PN-BOL-003,BOLT
CPSE_A,NTPC-MAT-BOL-01041,BOLT M20X100 A2-70 SS304,SET,TATA,PN-BOL-003,BOLT
CPSE_A,NTPC-MAT-BOL-01042,STUD BOLT M20X100 SS304 GR A2-70 ASME B18.31.2,NOS,UNBRAKO,PN-BOL-003,BOLT
CPSE_A,NTPC-MAT-BOL-01043,BOLT HEX M20 X 100 SS304 A2-70 ASME B18.31.2,EA,TATA,PN-BOL-003,BOLT
CPSE_A,NTPC-MAT-BOL-01044,HEX HEAD BOLT M20X100 MM SS304 GRADE A2-70,NOS,TATA,PN-BOL-003,BOLT
CPSE_A,NTPC-MAT-BOL-01045,FASTENER STUD BOLT M20 * 100 SS304 CLASS A2-70,PC,FAG,PN-BOL-003,BOLT
CPSE_A,NTPC-MAT-BOL-01046,BOLT M20X100 A2-70 SS304,EA,SKF,PN-BOL-003,BOLT
CPSE_A,NTPC-MAT-BOL-01047,STUD BOLT M20X100 SS304 GR A2-70 ASME B18.31.2,KG,SKF,PN-BOL-003,BOLT
CPSE_A,NTPC-MAT-BOL-01048,BOLT HEX M20 X 100 SS304 A2-70 ASME B18.31.2,MTR,TATA,PN-BOL-003,BOLT
CPSE_A,NTPC-MAT-BOL-01049,CAP SCREW M8X30 ALLOY_STEEL GR 12.9 DIN 912,NOS,L&T,PN-BOL-004,BOLT
CPSE_A,NTPC-MAT-BOL-01050,BOLT HEX M8 X 30 ALLOY_STEEL 12.9 DIN 912,MTR,TATA,PN-BOL-004,BOLT
CPSE_A,NTPC-MAT-BOL-01051,HEX HEAD BOLT M8X30 MM ALLOY_STEEL GRADE 12.9,KG,L&T,PN-BOL-004,BOLT
CPSE_A,NTPC-MAT-BOL-01052,FASTENER CAP SCREW M8 * 30 ALLOY_STEEL CLASS 12.9,KG,HAVELS,PN-BOL-004,BOLT
CPSE_A,NTPC-MAT-BOL-01053,BOLT M8X30 12.9 ALLOY_STEEL,KG,HAVELS,PN-BOL-004,BOLT
CPSE_A,NTPC-MAT-BOL-01054,CAP SCREW M8X30 ALLOY_STEEL GR 12.9 DIN 912,SET,L&T,PN-BOL-004,BOLT
CPSE_A,NTPC-MAT-BOL-01055,BOLT HEX M8 X 30 ALLOY_STEEL 12.9 DIN 912,EA,L&T,PN-BOL-004,BOLT
CPSE_A,NTPC-MAT-BOL-01056,HEX HEAD BOLT M8X30 MM ALLOY_STEEL GRADE 12.9,PC,SKF,PN-BOL-004,BOLT
CPSE_A,NTPC-MAT-BOL-01057,FASTENER CAP SCREW M8 * 30 ALLOY_STEEL CLASS 12.9,NOS,HAVELS,PN-BOL-004,BOLT
CPSE_A,NTPC-MAT-BOL-01058,BOLT M8X30 12.9 ALLOY_STEEL,PC,UNBRAKO,PN-BOL-004,BOLT
CPSE_A,NTPC-MAT-BOL-01059,CAP SCREW M8X30 ALLOY_STEEL GR 12.9 DIN 912,PC,L&T,PN-BOL-004,BOLT
CPSE_A,NTPC-MAT-BOL-01060,BOLT HEX M8 X 30 ALLOY_STEEL 12.9 DIN 912,MTR,FAG,PN-BOL-004,BOLT
CPSE_A,NTPC-MAT-PIP-01061,PIPE 4 IN SCH_40 SEAMLESS A106_GR_B ASTM A106,PC,UNBRAKO,PN-PIP-000,PIPE
CPSE_A,NTPC-MAT-PIP-01062,SEAMLESS PIPE 4 IN SCH_40 A106_GR_B,KG,FAG,PN-PIP-000,PIPE
CPSE_A,NTPC-MAT-PIP-01063,PIPE CS 4 IN SCH_40 SEAMLESS SPEC A106_GR_B,NOS,UNBRAKO,PN-PIP-000,PIPE
CPSE_A,NTPC-MAT-PIP-01064,4 IN PIPE A106_GR_B SCH_40 SEAMLESS,PC,L&T,PN-PIP-000,PIPE
CPSE_A,NTPC-MAT-PIP-01065,TUBING 4 IN SCH_40 A106_GR_B,PC,SKF,PN-PIP-000,PIPE
CPSE_A,NTPC-MAT-PIP-01066,PIPE 4 IN SCH_40 SEAMLESS A106_GR_B ASTM A106,KG,TATA,PN-PIP-000,PIPE
CPSE_A,NTPC-MAT-PIP-01067,SEAMLESS PIPE 4 IN SCH_40 A106_GR_B,MTR,HAVELS,PN-PIP-000,PIPE
CPSE_A,NTPC-MAT-PIP-01068,PIPE CS 4 IN SCH_40 SEAMLESS SPEC A106_GR_B,SET,UNBRAKO,PN-PIP-000,PIPE
CPSE_A,NTPC-MAT-PIP-01069,4 IN PIPE A106_GR_B SCH_40 SEAMLESS,PC,TATA,PN-PIP-000,PIPE
CPSE_A,NTPC-MAT-PIP-01070,TUBING 4 IN SCH_40 A106_GR_B,SET,TATA,PN-PIP-000,PIPE
CPSE_A,NTPC-MAT-PIP-01071,PIPE 4 IN SCH_40 SEAMLESS A106_GR_B ASTM A106,EA,TATA,PN-PIP-000,PIPE
CPSE_A,NTPC-MAT-PIP-01072,SEAMLESS PIPE 4 IN SCH_40 A106_GR_B,PC,GENERIC,PN-PIP-000,PIPE
CPSE_A,NTPC-MAT-PIP-01073,PIPE 4 IN SCH_80 SEAMLESS A106_GR_B ASTM A106,SET,HAVELS,PN-PIP-001,PIPE
CPSE_A,NTPC-MAT-PIP-01074,SEAMLESS PIPE 4 IN SCH_80 A106_GR_B,NOS,SKF,PN-PIP-001,PIPE
CPSE_A,NTPC-MAT-PIP-01075,PIPE CS 4 IN SCH_80 SEAMLESS SPEC A106_GR_B,MTR,FAG,PN-PIP-001,PIPE
CPSE_A,NTPC-MAT-PIP-01076,4 IN PIPE A106_GR_B SCH_80 SEAMLESS,NOS,FAG,PN-PIP-001,PIPE
CPSE_A,NTPC-MAT-PIP-01077,TUBING 4 IN SCH_80 A106_GR_B,KG,FAG,PN-PIP-001,PIPE
CPSE_A,NTPC-MAT-PIP-01078,PIPE 4 IN SCH_80 SEAMLESS A106_GR_B ASTM A106,SET,UNBRAKO,PN-PIP-001,PIPE
CPSE_A,NTPC-MAT-PIP-01079,SEAMLESS PIPE 4 IN SCH_80 A106_GR_B,KG,SKF,PN-PIP-001,PIPE
CPSE_A,NTPC-MAT-PIP-01080,PIPE CS 4 IN SCH_80 SEAMLESS SPEC A106_GR_B,KG,SKF,PN-PIP-001,PIPE
CPSE_A,NTPC-MAT-PIP-01081,4 IN PIPE A106_GR_B SCH_80 SEAMLESS,KG,HAVELS,PN-PIP-001,PIPE
CPSE_A,NTPC-MAT-PIP-01082,TUBING 4 IN SCH_80 A106_GR_B,MTR,GENERIC,PN-PIP-001,PIPE
CPSE_A,NTPC-MAT-PIP-01083,PIPE 4 IN SCH_80 SEAMLESS A106_GR_B ASTM A106,MTR,L&T,PN-PIP-001,PIPE
CPSE_A,NTPC-MAT-PIP-01084,SEAMLESS PIPE 4 IN SCH_80 A106_GR_B,KG,TATA,PN-PIP-001,PIPE
CPSE_A,NTPC-MAT-PIP-01085,PIPE 2 IN SCH_40 ERW A53_GR_B ASTM A53,MTR,HAVELS,PN-PIP-002,PIPE
CPSE_A,NTPC-MAT-PIP-01086,SEAMLESS PIPE 2 IN SCH_40 A53_GR_B,KG,SKF,PN-PIP-002,PIPE
CPSE_A,NTPC-MAT-PIP-01087,PIPE CS 2 IN SCH_40 ERW SPEC A53_GR_B,NOS,TATA,PN-PIP-002,PIPE
CPSE_A,NTPC-MAT-PIP-01088,2 IN PIPE A53_GR_B SCH_40 ERW,KG,L&T,PN-PIP-002,PIPE
CPSE_A,NTPC-MAT-PIP-01089,TUBING 2 IN SCH_40 A53_GR_B,EA,TATA,PN-PIP-002,PIPE
CPSE_A,NTPC-MAT-PIP-01090,PIPE 2 IN SCH_40 ERW A53_GR_B ASTM A53,EA,TATA,PN-PIP-002,PIPE
CPSE_A,NTPC-MAT-PIP-01091,SEAMLESS PIPE 2 IN SCH_40 A53_GR_B,MTR,TATA,PN-PIP-002,PIPE
CPSE_A,NTPC-MAT-PIP-01092,PIPE CS 2 IN SCH_40 ERW SPEC A53_GR_B,SET,HAVELS,PN-PIP-002,PIPE
CPSE_A,NTPC-MAT-PIP-01093,2 IN PIPE A53_GR_B SCH_40 ERW,MTR,GENERIC,PN-PIP-002,PIPE
CPSE_A,NTPC-MAT-PIP-01094,TUBING 2 IN SCH_40 A53_GR_B,SET,TATA,PN-PIP-002,PIPE
CPSE_A,NTPC-MAT-PIP-01095,PIPE 2 IN SCH_40 ERW A53_GR_B ASTM A53,EA,GENERIC,PN-PIP-002,PIPE
CPSE_A,NTPC-MAT-PIP-01096,SEAMLESS PIPE 2 IN SCH_40 A53_GR_B,PC,FAG,PN-PIP-002,PIPE
CPSE_A,NTPC-MAT-PIP-01097,PIPE 6 IN SCH_80 SEAMLESS API_5L_X52 API 5L,PC,SKF,PN-PIP-003,PIPE
CPSE_A,NTPC-MAT-PIP-01098,SEAMLESS PIPE 6 IN SCH_80 API_5L_X52,EA,FAG,PN-PIP-003,PIPE
CPSE_A,NTPC-MAT-PIP-01099,PIPE CS 6 IN SCH_80 SEAMLESS SPEC API_5L_X52,SET,SKF,PN-PIP-003,PIPE
CPSE_A,NTPC-MAT-PIP-01100,6 IN PIPE API_5L_X52 SCH_80 SEAMLESS,SET,FAG,PN-PIP-003,PIPE
CPSE_A,NTPC-MAT-PIP-01101,TUBING 6 IN SCH_80 API_5L_X52,SET,FAG,PN-PIP-003,PIPE
CPSE_A,NTPC-MAT-PIP-01102,PIPE 6 IN SCH_80 SEAMLESS API_5L_X52 API 5L,SET,L&T,PN-PIP-003,PIPE
CPSE_A,NTPC-MAT-PIP-01103,SEAMLESS PIPE 6 IN SCH_80 API_5L_X52,EA,SKF,PN-PIP-003,PIPE
CPSE_A,NTPC-MAT-PIP-01104,PIPE CS 6 IN SCH_80 SEAMLESS SPEC API_5L_X52,KG,HAVELS,PN-PIP-003,PIPE
CPSE_A,NTPC-MAT-PIP-01105,6 IN PIPE API_5L_X52 SCH_80 SEAMLESS,MTR,L&T,PN-PIP-003,PIPE
CPSE_A,NTPC-MAT-PIP-01106,TUBING 6 IN SCH_80 API_5L_X52,KG,FAG,PN-PIP-003,PIPE
CPSE_A,NTPC-MAT-PIP-01107,PIPE 6 IN SCH_80 SEAMLESS API_5L_X52 API 5L,PC,FAG,PN-PIP-003,PIPE
CPSE_A,NTPC-MAT-PIP-01108,SEAMLESS PIPE 6 IN SCH_80 API_5L_X52,SET,SKF,PN-PIP-003,PIPE
CPSE_A,NTPC-MAT-PIP-01109,PIPE 3 IN SCH_10S SEAMLESS SS304 ASTM A312,SET,UNBRAKO,PN-PIP-004,PIPE
CPSE_A,NTPC-MAT-PIP-01110,SEAMLESS PIPE 3 IN SCH_10S SS304,KG,UNBRAKO,PN-PIP-004,PIPE
CPSE_A,NTPC-MAT-PIP-01111,PIPE CS 3 IN SCH_10S SEAMLESS SPEC SS304,EA,GENERIC,PN-PIP-004,PIPE
CPSE_A,NTPC-MAT-PIP-01112,3 IN PIPE SS304 SCH_10S SEAMLESS,SET,HAVELS,PN-PIP-004,PIPE
CPSE_A,NTPC-MAT-PIP-01113,TUBING 3 IN SCH_10S SS304,PC,TATA,PN-PIP-004,PIPE
CPSE_A,NTPC-MAT-PIP-01114,PIPE 3 IN SCH_10S SEAMLESS SS304 ASTM A312,NOS,L&T,PN-PIP-004,PIPE
CPSE_A,NTPC-MAT-PIP-01115,SEAMLESS PIPE 3 IN SCH_10S SS304,KG,TATA,PN-PIP-004,PIPE
CPSE_A,NTPC-MAT-PIP-01116,PIPE CS 3 IN SCH_10S SEAMLESS SPEC SS304,KG,L&T,PN-PIP-004,PIPE
CPSE_A,NTPC-MAT-PIP-01117,3 IN PIPE SS304 SCH_10S SEAMLESS,MTR,FAG,PN-PIP-004,PIPE
CPSE_A,NTPC-MAT-PIP-01118,TUBING 3 IN SCH_10S SS304,NOS,GENERIC,PN-PIP-004,PIPE
CPSE_A,NTPC-MAT-PIP-01119,PIPE 3 IN SCH_10S SEAMLESS SS304 ASTM A312,PC,HAVELS,PN-PIP-004,PIPE
CPSE_A,NTPC-MAT-PIP-01120,SEAMLESS PIPE 3 IN SCH_10S SS304,EA,HAVELS,PN-PIP-004,PIPE
CPSE_A,NTPC-MAT-BEA-01121,BEARING 6205-2RS C3 (25X52X15 MM),SET,FAG,PN-BEA-000,BEARING
CPSE_A,NTPC-MAT-BEA-01122,BRG DEEP GROOVE BALL 6205 2RS,EA,GENERIC,PN-BEA-000,BEARING
CPSE_A,NTPC-MAT-BEA-01123,BALL BEARING 6205 2RS C3,SET,L&T,PN-BEA-000,BEARING
CPSE_A,NTPC-MAT-BEA-01124,BEARING 6205 2RS CLEARANCE C3,SET,GENERIC,PN-BEA-000,BEARING
CPSE_A,NTPC-MAT-BEA-01125,BRG 6205 2RS (25* 52* 15),PC,SKF,PN-BEA-000,BEARING
CPSE_A,NTPC-MAT-BEA-01126,BEARING 6205-2RS C3 (25X52X15 MM),NOS,L&T,PN-BEA-000,BEARING
CPSE_A,NTPC-MAT-BEA-01127,BRG DEEP GROOVE BALL 6205 2RS,SET,L&T,PN-BEA-000,BEARING
CPSE_A,NTPC-MAT-BEA-01128,BALL BEARING 6205 2RS C3,NOS,UNBRAKO,PN-BEA-000,BEARING
CPSE_A,NTPC-MAT-BEA-01129,BEARING 6205 2RS CLEARANCE C3,KG,L&T,PN-BEA-000,BEARING
CPSE_A,NTPC-MAT-BEA-01130,BRG 6205 2RS (25* 52* 15),SET,HAVELS,PN-BEA-000,BEARING
CPSE_A,NTPC-MAT-BEA-01131,BEARING 6205-2RS C3 (25X52X15 MM),PC,SKF,PN-BEA-000,BEARING
CPSE_A,NTPC-MAT-BEA-01132,BRG DEEP GROOVE BALL 6205 2RS,KG,L&T,PN-BEA-000,BEARING
CPSE_A,NTPC-MAT-BEA-01133,BEARING 6205-ZZ C3 (25X52X15 MM),KG,FAG,PN-BEA-001,BEARING
CPSE_A,NTPC-MAT-BEA-01134,BRG DEEP GROOVE BALL 6205 ZZ,NOS,GENERIC,PN-BEA-001,BEARING
CPSE_A,NTPC-MAT-BEA-01135,BALL BEARING 6205 ZZ C3,PC,UNBRAKO,PN-BEA-001,BEARING
CPSE_A,NTPC-MAT-BEA-01136,BEARING 6205 ZZ CLEARANCE C3,NOS,L&T,PN-BEA-001,BEARING
CPSE_A,NTPC-MAT-BEA-01137,BRG 6205 ZZ (25* 52* 15),NOS,L&T,PN-BEA-001,BEARING
CPSE_A,NTPC-MAT-BEA-01138,BEARING 6205-ZZ C3 (25X52X15 MM),EA,UNBRAKO,PN-BEA-001,BEARING
CPSE_A,NTPC-MAT-BEA-01139,BRG DEEP GROOVE BALL 6205 ZZ,SET,FAG,PN-BEA-001,BEARING
CPSE_A,NTPC-MAT-BEA-01140,BALL BEARING 6205 ZZ C3,MTR,SKF,PN-BEA-001,BEARING
CPSE_A,NTPC-MAT-BEA-01141,BEARING 6205 ZZ CLEARANCE C3,SET,L&T,PN-BEA-001,BEARING
CPSE_A,NTPC-MAT-BEA-01142,BRG 6205 ZZ (25* 52* 15),SET,FAG,PN-BEA-001,BEARING
CPSE_A,NTPC-MAT-BEA-01143,BEARING 6205-ZZ C3 (25X52X15 MM),MTR,L&T,PN-BEA-001,BEARING
CPSE_A,NTPC-MAT-BEA-01144,BRG DEEP GROOVE BALL 6205 ZZ,PC,HAVELS,PN-BEA-001,BEARING
CPSE_A,NTPC-MAT-BEA-01145,BEARING 6308-OPEN CN (40X90X23 MM),NOS,TATA,PN-BEA-002,BEARING
CPSE_A,NTPC-MAT-BEA-01146,BRG DEEP GROOVE BALL 6308 OPEN,NOS,TATA,PN-BEA-002,BEARING
CPSE_A,NTPC-MAT-BEA-01147,BALL BEARING 6308 OPEN CN,KG,TATA,PN-BEA-002,BEARING
CPSE_A,NTPC-MAT-BEA-01148,BEARING 6308 OPEN CLEARANCE CN,NOS,L&T,PN-BEA-002,BEARING
CPSE_A,NTPC-MAT-BEA-01149,BRG 6308 OPEN (40* 90* 23),NOS,UNBRAKO,PN-BEA-002,BEARING
CPSE_A,NTPC-MAT-BEA-01150,BEARING 6308-OPEN CN (40X90X23 MM),NOS,FAG,PN-BEA-002,BEARING
CPSE_A,NTPC-MAT-BEA-01151,BRG DEEP GROOVE BALL 6308 OPEN,MTR,FAG,PN-BEA-002,BEARING
CPSE_A,NTPC-MAT-BEA-01152,BALL BEARING 6308 OPEN CN,KG,SKF,PN-BEA-002,BEARING
CPSE_A,NTPC-MAT-BEA-01153,BEARING 6308 OPEN CLEARANCE CN,KG,GENERIC,PN-BEA-002,BEARING
CPSE_A,NTPC-MAT-BEA-01154,BRG 6308 OPEN (40* 90* 23),MTR,UNBRAKO,PN-BEA-002,BEARING
CPSE_A,NTPC-MAT-BEA-01155,BEARING 6308-OPEN CN (40X90X23 MM),KG,FAG,PN-BEA-002,BEARING
CPSE_A,NTPC-MAT-BEA-01156,BRG DEEP GROOVE BALL 6308 OPEN,NOS,FAG,PN-BEA-002,BEARING
CPSE_A,NTPC-MAT-BEA-01157,BEARING 30205-OPEN CN (25X52X16.25 MM),EA,SKF,PN-BEA-003,BEARING
CPSE_A,NTPC-MAT-BEA-01158,BRG DEEP GROOVE BALL 30205 OPEN,MTR,UNBRAKO,PN-BEA-003,BEARING
CPSE_A,NTPC-MAT-BEA-01159,BALL BEARING 30205 OPEN CN,NOS,GENERIC,PN-BEA-003,BEARING
CPSE_A,NTPC-MAT-BEA-01160,BEARING 30205 OPEN CLEARANCE CN,SET,FAG,PN-BEA-003,BEARING
CPSE_A,NTPC-MAT-BEA-01161,BRG 30205 OPEN (25* 52* 16.25),KG,FAG,PN-BEA-003,BEARING
CPSE_A,NTPC-MAT-BEA-01162,BEARING 30205-OPEN CN (25X52X16.25 MM),EA,SKF,PN-BEA-003,BEARING
CPSE_A,NTPC-MAT-BEA-01163,BRG DEEP GROOVE BALL 30205 OPEN,KG,L&T,PN-BEA-003,BEARING
CPSE_A,NTPC-MAT-BEA-01164,BALL BEARING 30205 OPEN CN,NOS,L&T,PN-BEA-003,BEARING
CPSE_A,NTPC-MAT-BEA-01165,BEARING 30205 OPEN CLEARANCE CN,NOS,HAVELS,PN-BEA-003,BEARING
CPSE_A,NTPC-MAT-BEA-01166,BRG 30205 OPEN (25* 52* 16.25),KG,SKF,PN-BEA-003,BEARING
CPSE_A,NTPC-MAT-BEA-01167,BEARING 30205-OPEN CN (25X52X16.25 MM),SET,L&T,PN-BEA-003,BEARING
CPSE_A,NTPC-MAT-BEA-01168,BRG DEEP GROOVE BALL 30205 OPEN,NOS,SKF,PN-BEA-003,BEARING
CPSE_A,NTPC-MAT-BEA-01169,BEARING 22210-OPEN C3 (50X90X23 MM),PC,GENERIC,PN-BEA-004,BEARING
CPSE_A,NTPC-MAT-BEA-01170,BRG DEEP GROOVE BALL 22210 OPEN,SET,L&T,PN-BEA-004,BEARING
CPSE_A,NTPC-MAT-BEA-01171,BALL BEARING 22210 OPEN C3,SET,FAG,PN-BEA-004,BEARING
CPSE_A,NTPC-MAT-BEA-01172,BEARING 22210 OPEN CLEARANCE C3,SET,TATA,PN-BEA-004,BEARING
CPSE_A,NTPC-MAT-BEA-01173,BRG 22210 OPEN (50* 90* 23),KG,FAG,PN-BEA-004,BEARING
CPSE_A,NTPC-MAT-BEA-01174,BEARING 22210-OPEN C3 (50X90X23 MM),SET,UNBRAKO,PN-BEA-004,BEARING
CPSE_A,NTPC-MAT-BEA-01175,BRG DEEP GROOVE BALL 22210 OPEN,SET,UNBRAKO,PN-BEA-004,BEARING
CPSE_A,NTPC-MAT-BEA-01176,BALL BEARING 22210 OPEN C3,SET,GENERIC,PN-BEA-004,BEARING
CPSE_A,NTPC-MAT-BEA-01177,BEARING 22210 OPEN CLEARANCE C3,PC,SKF,PN-BEA-004,BEARING
CPSE_A,NTPC-MAT-BEA-01178,BRG 22210 OPEN (50* 90* 23),KG,GENERIC,PN-BEA-004,BEARING
CPSE_A,NTPC-MAT-BEA-01179,BEARING 22210-OPEN C3 (50X90X23 MM),NOS,L&T,PN-BEA-004,BEARING
CPSE_A,NTPC-MAT-BEA-01180,BRG DEEP GROOVE BALL 22210 OPEN,SET,UNBRAKO,PN-BEA-004,BEARING
CPSE_A,NTPC-MAT-VAL-01181,VALVE GATE 4 IN CLASS 150 SS304 FLANGED,KG,SKF,PN-VAL-000,VALVE
CPSE_A,NTPC-MAT-VAL-01182,GATE VALVE 4 IN CL 150 SS304,PC,SKF,PN-VAL-000,VALVE
CPSE_A,NTPC-MAT-VAL-01183,VLV GATE 4 IN # 150 SS304 FLANGED,SET,L&T,PN-VAL-000,VALVE
CPSE_A,NTPC-MAT-VAL-01184,VALVE GATE 4 IN CLASS 150 BODY SS304,NOS,L&T,PN-VAL-000,VALVE
CPSE_A,NTPC-MAT-VAL-01185,FLANGED GATE VALVE 4 IN CL 150,EA,TATA,PN-VAL-000,VALVE
CPSE_A,NTPC-MAT-VAL-01186,VALVE GATE 4 IN CLASS 150 SS304 FLANGED,KG,UNBRAKO,PN-VAL-000,VALVE
CPSE_A,NTPC-MAT-VAL-01187,GATE VALVE 4 IN CL 150 SS304,EA,UNBRAKO,PN-VAL-000,VALVE
CPSE_A,NTPC-MAT-VAL-01188,VLV GATE 4 IN # 150 SS304 FLANGED,KG,SKF,PN-VAL-000,VALVE
CPSE_A,NTPC-MAT-VAL-01189,VALVE GATE 4 IN CLASS 150 BODY SS304,SET,UNBRAKO,PN-VAL-000,VALVE
CPSE_A,NTPC-MAT-VAL-01190,FLANGED GATE VALVE 4 IN CL 150,PC,HAVELS,PN-VAL-000,VALVE
CPSE_A,NTPC-MAT-VAL-01191,VALVE GATE 4 IN CLASS 150 SS304 FLANGED,MTR,GENERIC,PN-VAL-000,VALVE
CPSE_A,NTPC-MAT-VAL-01192,GATE VALVE 4 IN CL 150 SS304,EA,L&T,PN-VAL-000,VALVE
CPSE_A,NTPC-MAT-VAL-01193,VALVE GATE 4 IN CLASS 300 SS304 FLANGED,KG,GENERIC,PN-VAL-001,VALVE
CPSE_A,NTPC-MAT-VAL-01194,GATE VALVE 4 IN CL 300 SS304,PC,GENERIC,PN-VAL-001,VALVE
CPSE_A,NTPC-MAT-VAL-01195,VLV GATE 4 IN # 300 SS304 FLANGED,NOS,SKF,PN-VAL-001,VALVE
CPSE_A,NTPC-MAT-VAL-01196,VALVE GATE 4 IN CLASS 300 BODY SS304,EA,GENERIC,PN-VAL-001,VALVE
CPSE_A,NTPC-MAT-VAL-01197,FLANGED GATE VALVE 4 IN CL 300,PC,GENERIC,PN-VAL-001,VALVE
CPSE_A,NTPC-MAT-VAL-01198,VALVE GATE 4 IN CLASS 300 SS304 FLANGED,NOS,FAG,PN-VAL-001,VALVE
CPSE_A,NTPC-MAT-VAL-01199,GATE VALVE 4 IN CL 300 SS304,MTR,SKF,PN-VAL-001,VALVE
CPSE_A,NTPC-MAT-VAL-01200,VLV GATE 4 IN # 300 SS304 FLANGED,MTR,UNBRAKO,PN-VAL-001,VALVE
CPSE_A,NTPC-MAT-VAL-01201,VALVE GATE 4 IN CLASS 300 BODY SS304,NOS,HAVELS,PN-VAL-001,VALVE
CPSE_A,NTPC-MAT-VAL-01202,FLANGED GATE VALVE 4 IN CL 300,MTR,TATA,PN-VAL-001,VALVE
CPSE_A,NTPC-MAT-VAL-01203,VALVE GATE 4 IN CLASS 300 SS304 FLANGED,NOS,TATA,PN-VAL-001,VALVE
CPSE_A,NTPC-MAT-VAL-01204,GATE VALVE 4 IN CL 300 SS304,NOS,UNBRAKO,PN-VAL-001,VALVE
CPSE_A,NTPC-MAT-VAL-01205,VALVE GLOBE 2 IN CLASS 300 CARBON_STEEL FLANGED,SET,SKF,PN-VAL-002,VALVE
CPSE_A,NTPC-MAT-VAL-01206,GLOBE VALVE 2 IN CL 300 CARBON_STEEL,KG,HAVELS,PN-VAL-002,VALVE
CPSE_A,NTPC-MAT-VAL-01207,VLV GLOBE 2 IN # 300 CARBON_STEEL FLANGED,MTR,FAG,PN-VAL-002,VALVE
CPSE_A,NTPC-MAT-VAL-01208,VALVE GLOBE 2 IN CLASS 300 BODY CARBON_STEEL,EA,FAG,PN-VAL-002,VALVE
CPSE_A,NTPC-MAT-VAL-01209,FLANGED GLOBE VALVE 2 IN CL 300,KG,SKF,PN-VAL-002,VALVE
CPSE_A,NTPC-MAT-VAL-01210,VALVE GLOBE 2 IN CLASS 300 CARBON_STEEL FLANGED,PC,TATA,PN-VAL-002,VALVE
CPSE_A,NTPC-MAT-VAL-01211,GLOBE VALVE 2 IN CL 300 CARBON_STEEL,KG,HAVELS,PN-VAL-002,VALVE
CPSE_A,NTPC-MAT-VAL-01212,VLV GLOBE 2 IN # 300 CARBON_STEEL FLANGED,EA,TATA,PN-VAL-002,VALVE
CPSE_A,NTPC-MAT-VAL-01213,VALVE GLOBE 2 IN CLASS 300 BODY CARBON_STEEL,EA,L&T,PN-VAL-002,VALVE
CPSE_A,NTPC-MAT-VAL-01214,FLANGED GLOBE VALVE 2 IN CL 300,MTR,UNBRAKO,PN-VAL-002,VALVE
CPSE_A,NTPC-MAT-VAL-01215,VALVE GLOBE 2 IN CLASS 300 CARBON_STEEL FLANGED,PC,GENERIC,PN-VAL-002,VALVE
CPSE_A,NTPC-MAT-VAL-01216,GLOBE VALVE 2 IN CL 300 CARBON_STEEL,PC,GENERIC,PN-VAL-002,VALVE
CPSE_A,NTPC-MAT-VAL-01217,VALVE CHECK 3 IN CLASS 150 SS316 FLANGED,EA,SKF,PN-VAL-003,VALVE
CPSE_A,NTPC-MAT-VAL-01218,CHECK VALVE 3 IN CL 150 SS316,KG,UNBRAKO,PN-VAL-003,VALVE
CPSE_A,NTPC-MAT-VAL-01219,VLV CHECK 3 IN # 150 SS316 FLANGED,NOS,FAG,PN-VAL-003,VALVE
CPSE_A,NTPC-MAT-VAL-01220,VALVE CHECK 3 IN CLASS 150 BODY SS316,SET,HAVELS,PN-VAL-003,VALVE
CPSE_A,NTPC-MAT-VAL-01221,FLANGED CHECK VALVE 3 IN CL 150,SET,HAVELS,PN-VAL-003,VALVE
CPSE_A,NTPC-MAT-VAL-01222,VALVE CHECK 3 IN CLASS 150 SS316 FLANGED,PC,L&T,PN-VAL-003,VALVE
CPSE_A,NTPC-MAT-VAL-01223,CHECK VALVE 3 IN CL 150 SS316,MTR,HAVELS,PN-VAL-003,VALVE
CPSE_A,NTPC-MAT-VAL-01224,VLV CHECK 3 IN # 150 SS316 FLANGED,SET,L&T,PN-VAL-003,VALVE
CPSE_A,NTPC-MAT-VAL-01225,VALVE CHECK 3 IN CLASS 150 BODY SS316,KG,GENERIC,PN-VAL-003,VALVE
CPSE_A,NTPC-MAT-VAL-01226,FLANGED CHECK VALVE 3 IN CL 150,PC,GENERIC,PN-VAL-003,VALVE
CPSE_A,NTPC-MAT-VAL-01227,VALVE CHECK 3 IN CLASS 150 SS316 FLANGED,SET,SKF,PN-VAL-003,VALVE
CPSE_A,NTPC-MAT-VAL-01228,CHECK VALVE 3 IN CL 150 SS316,NOS,UNBRAKO,PN-VAL-003,VALVE
CPSE_A,NTPC-MAT-VAL-01229,VALVE BALL 1 IN CLASS 800 FORGED_STEEL SOCKET_WELD,KG,HAVELS,PN-VAL-004,VALVE
CPSE_A,NTPC-MAT-VAL-01230,BALL VALVE 1 IN CL 800 FORGED_STEEL,MTR,L&T,PN-VAL-004,VALVE
CPSE_A,NTPC-MAT-VAL-01231,VLV BALL 1 IN # 800 FORGED_STEEL SOCKET_WELD,KG,GENERIC,PN-VAL-004,VALVE
CPSE_A,NTPC-MAT-VAL-01232,VALVE BALL 1 IN CLASS 800 BODY FORGED_STEEL,PC,UNBRAKO,PN-VAL-004,VALVE
CPSE_A,NTPC-MAT-VAL-01233,FLANGED BALL VALVE 1 IN CL 800,EA,GENERIC,PN-VAL-004,VALVE
CPSE_A,NTPC-MAT-VAL-01234,VALVE BALL 1 IN CLASS 800 FORGED_STEEL SOCKET_WELD,PC,L&T,PN-VAL-004,VALVE
CPSE_A,NTPC-MAT-VAL-01235,BALL VALVE 1 IN CL 800 FORGED_STEEL,NOS,L&T,PN-VAL-004,VALVE
CPSE_A,NTPC-MAT-VAL-01236,VLV BALL 1 IN # 800 FORGED_STEEL SOCKET_WELD,PC,HAVELS,PN-VAL-004,VALVE
CPSE_A,NTPC-MAT-VAL-01237,VALVE BALL 1 IN CLASS 800 BODY FORGED_STEEL,EA,GENERIC,PN-VAL-004,VALVE
CPSE_A,NTPC-MAT-VAL-01238,FLANGED BALL VALVE 1 IN CL 800,KG,HAVELS,PN-VAL-004,VALVE
CPSE_A,NTPC-MAT-VAL-01239,VALVE BALL 1 IN CLASS 800 FORGED_STEEL SOCKET_WELD,SET,FAG,PN-VAL-004,VALVE
CPSE_A,NTPC-MAT-VAL-01240,BALL VALVE 1 IN CL 800 FORGED_STEEL,KG,SKF,PN-VAL-004,VALVE
CPSE_A,NTPC-MAT-GAS-01241,GASKET SPIRAL WOUND 4 IN CLASS 150 SS304,EA,TATA,PN-GAS-000,GASKET
CPSE_A,NTPC-MAT-GAS-01242,GSKT SPIRAL WOUND 4 IN CL150 SS304,SET,HAVELS,PN-GAS-000,GASKET
CPSE_A,NTPC-MAT-GAS-01243,SPIRAL WOUND GASKET 4 IN 150 # SS304,PC,TATA,PN-GAS-000,GASKET
CPSE_A,NTPC-MAT-GAS-01244,GASKET 4 IN 150 LB SS304,NOS,SKF,PN-GAS-000,GASKET
CPSE_A,NTPC-MAT-GAS-01245,GASKET 4 IN 150 LB SS304,KG,SKF,PN-GAS-000,GASKET
CPSE_A,NTPC-MAT-GAS-01246,GASKET SPIRAL WOUND 4 IN CLASS 150 SS304,EA,SKF,PN-GAS-000,GASKET
CPSE_A,NTPC-MAT-GAS-01247,GSKT SPIRAL WOUND 4 IN CL150 SS304,PC,UNBRAKO,PN-GAS-000,GASKET
CPSE_A,NTPC-MAT-GAS-01248,SPIRAL WOUND GASKET 4 IN 150 # SS304,SET,L&T,PN-GAS-000,GASKET
CPSE_A,NTPC-MAT-GAS-01249,GASKET 4 IN 150 LB SS304,NOS,FAG,PN-GAS-000,GASKET
CPSE_A,NTPC-MAT-GAS-01250,GASKET 4 IN 150 LB SS304,SET,UNBRAKO,PN-GAS-000,GASKET
CPSE_A,NTPC-MAT-GAS-01251,GASKET SPIRAL WOUND 4 IN CLASS 150 SS304,SET,HAVELS,PN-GAS-000,GASKET
CPSE_A,NTPC-MAT-GAS-01252,GSKT SPIRAL WOUND 4 IN CL150 SS304,NOS,SKF,PN-GAS-000,GASKET
CPSE_A,NTPC-MAT-GAS-01253,GASKET SPIRAL WOUND 4 IN CLASS 300 SS304,SET,GENERIC,PN-GAS-001,GASKET
CPSE_A,NTPC-MAT-GAS-01254,GSKT SPIRAL WOUND 4 IN CL300 SS304,NOS,FAG,PN-GAS-001,GASKET
CPSE_A,NTPC-MAT-GAS-01255,SPIRAL WOUND GASKET 4 IN 300 # SS304,EA,UNBRAKO,PN-GAS-001,GASKET
CPSE_A,NTPC-MAT-GAS-01256,GASKET 4 IN 300 LB SS304,EA,GENERIC,PN-GAS-001,GASKET
CPSE_A,NTPC-MAT-GAS-01257,GASKET 4 IN 300 LB SS304,EA,SKF,PN-GAS-001,GASKET
CPSE_A,NTPC-MAT-GAS-01258,GASKET SPIRAL WOUND 4 IN CLASS 300 SS304,EA,GENERIC,PN-GAS-001,GASKET
CPSE_A,NTPC-MAT-GAS-01259,GSKT SPIRAL WOUND 4 IN CL300 SS304,KG,HAVELS,PN-GAS-001,GASKET
CPSE_A,NTPC-MAT-GAS-01260,SPIRAL WOUND GASKET 4 IN 300 # SS304,SET,UNBRAKO,PN-GAS-001,GASKET
CPSE_A,NTPC-MAT-GAS-01261,GASKET 4 IN 300 LB SS304,NOS,SKF,PN-GAS-001,GASKET
CPSE_A,NTPC-MAT-GAS-01262,GASKET 4 IN 300 LB SS304,NOS,UNBRAKO,PN-GAS-001,GASKET
CPSE_A,NTPC-MAT-GAS-01263,GASKET SPIRAL WOUND 4 IN CLASS 300 SS304,MTR,L&T,PN-GAS-001,GASKET
CPSE_A,NTPC-MAT-GAS-01264,GSKT SPIRAL WOUND 4 IN CL300 SS304,SET,GENERIC,PN-GAS-001,GASKET
CPSE_A,NTPC-MAT-GAS-01265,GASKET FLAT RING 2 IN CLASS 150 CAF,MTR,TATA,PN-GAS-002,GASKET
CPSE_A,NTPC-MAT-GAS-01266,GSKT FLAT RING 2 IN CL150 CAF,KG,UNBRAKO,PN-GAS-002,GASKET
CPSE_A,NTPC-MAT-GAS-01267,SPIRAL WOUND GASKET 2 IN 150 # CAF,KG,FAG,PN-GAS-002,GASKET
CPSE_A,NTPC-MAT-GAS-01268,GASKET 2 IN 150 LB CAF,PC,SKF,PN-GAS-002,GASKET
CPSE_A,NTPC-MAT-GAS-01269,GASKET 2 IN 150 LB CAF,KG,L&T,PN-GAS-002,GASKET
CPSE_A,NTPC-MAT-GAS-01270,GASKET FLAT RING 2 IN CLASS 150 CAF,NOS,L&T,PN-GAS-002,GASKET
CPSE_A,NTPC-MAT-GAS-01271,GSKT FLAT RING 2 IN CL150 CAF,PC,UNBRAKO,PN-GAS-002,GASKET
CPSE_A,NTPC-MAT-GAS-01272,SPIRAL WOUND GASKET 2 IN 150 # CAF,KG,HAVELS,PN-GAS-002,GASKET
CPSE_A,NTPC-MAT-GAS-01273,GASKET 2 IN 150 LB CAF,MTR,FAG,PN-GAS-002,GASKET
CPSE_A,NTPC-MAT-GAS-01274,GASKET 2 IN 150 LB CAF,NOS,HAVELS,PN-GAS-002,GASKET
CPSE_A,NTPC-MAT-GAS-01275,GASKET FLAT RING 2 IN CLASS 150 CAF,PC,SKF,PN-GAS-002,GASKET
CPSE_A,NTPC-MAT-GAS-01276,GSKT FLAT RING 2 IN CL150 CAF,EA,TATA,PN-GAS-002,GASKET
CPSE_A,NTPC-MAT-GAS-01277,GASKET RTJ 3 IN CLASS 600 SS316,NOS,L&T,PN-GAS-003,GASKET
CPSE_A,NTPC-MAT-GAS-01278,GSKT RTJ 3 IN CL600 SS316,MTR,TATA,PN-GAS-003,GASKET
CPSE_A,NTPC-MAT-GAS-01279,SPIRAL WOUND GASKET 3 IN 600 # SS316,KG,GENERIC,PN-GAS-003,GASKET
CPSE_A,NTPC-MAT-GAS-01280,GASKET 3 IN 600 LB SS316,SET,SKF,PN-GAS-003,GASKET
CPSE_A,NTPC-MAT-GAS-01281,GASKET 3 IN 600 LB SS316,KG,GENERIC,PN-GAS-003,GASKET
CPSE_A,NTPC-MAT-GAS-01282,GASKET RTJ 3 IN CLASS 600 SS316,SET,GENERIC,PN-GAS-003,GASKET
CPSE_A,NTPC-MAT-GAS-01283,GSKT RTJ 3 IN CL600 SS316,PC,GENERIC,PN-GAS-003,GASKET
CPSE_A,NTPC-MAT-GAS-01284,SPIRAL WOUND GASKET 3 IN 600 # SS316,EA,GENERIC,PN-GAS-003,GASKET
CPSE_A,NTPC-MAT-GAS-01285,GASKET 3 IN 600 LB SS316,PC,L&T,PN-GAS-003,GASKET
CPSE_A,NTPC-MAT-GAS-01286,GASKET 3 IN 600 LB SS316,NOS,GENERIC,PN-GAS-003,GASKET
CPSE_A,NTPC-MAT-GAS-01287,GASKET RTJ 3 IN CLASS 600 SS316,SET,UNBRAKO,PN-GAS-003,GASKET
CPSE_A,NTPC-MAT-GAS-01288,GSKT RTJ 3 IN CL600 SS316,NOS,FAG,PN-GAS-003,GASKET
CPSE_A,NTPC-MAT-GAS-01289,GASKET FULL FACE 6 IN CLASS 150 EPDM,SET,UNBRAKO,PN-GAS-004,GASKET
CPSE_A,NTPC-MAT-GAS-01290,GSKT FULL FACE 6 IN CL150 EPDM,KG,HAVELS,PN-GAS-004,GASKET
CPSE_A,NTPC-MAT-GAS-01291,SPIRAL WOUND GASKET 6 IN 150 # EPDM,PC,GENERIC,PN-GAS-004,GASKET
CPSE_A,NTPC-MAT-GAS-01292,GASKET 6 IN 150 LB EPDM,MTR,UNBRAKO,PN-GAS-004,GASKET
CPSE_A,NTPC-MAT-GAS-01293,GASKET 6 IN 150 LB EPDM,EA,L&T,PN-GAS-004,GASKET
CPSE_A,NTPC-MAT-GAS-01294,GASKET FULL FACE 6 IN CLASS 150 EPDM,NOS,GENERIC,PN-GAS-004,GASKET
CPSE_A,NTPC-MAT-GAS-01295,GSKT FULL FACE 6 IN CL150 EPDM,EA,FAG,PN-GAS-004,GASKET
CPSE_A,NTPC-MAT-GAS-01296,SPIRAL WOUND GASKET 6 IN 150 # EPDM,SET,L&T,PN-GAS-004,GASKET
CPSE_A,NTPC-MAT-GAS-01297,GASKET 6 IN 150 LB EPDM,PC,FAG,PN-GAS-004,GASKET
CPSE_A,NTPC-MAT-GAS-01298,GASKET 6 IN 150 LB EPDM,SET,TATA,PN-GAS-004,GASKET
CPSE_A,NTPC-MAT-GAS-01299,GASKET FULL FACE 6 IN CLASS 150 EPDM,NOS,L&T,PN-GAS-004,GASKET
CPSE_A,NTPC-MAT-GAS-01300,GSKT FULL FACE 6 IN CL150 EPDM,SET,GENERIC,PN-GAS-004,GASKET
CPSE_A,NTPC-MAT-CAB-01301,CABLE 4C X 16 SQMM COPPER XLPE 1.1KV ARMOURED,KG,UNBRAKO,PN-CAB-000,CABLE
CPSE_A,NTPC-MAT-CAB-01302,CBL 4 CORE 16 MM2 COPPER 1.1KV ARMOURED,KG,HAVELS,PN-CAB-000,CABLE
CPSE_A,NTPC-MAT-CAB-01303,CABLE 4C * 16 SQMM COPPER XLPE 1.1KV,NOS,SKF,PN-CAB-000,CABLE
CPSE_A,NTPC-MAT-CAB-01304,POWER CABLE 4C X 16 SQMM COPPER 1.1KV,KG,TATA,PN-CAB-000,CABLE
CPSE_A,NTPC-MAT-CAB-01305,POWER CABLE 4C X 16 SQMM COPPER 1.1KV,PC,TATA,PN-CAB-000,CABLE
CPSE_A,NTPC-MAT-CAB-01306,CABLE 4C X 16 SQMM COPPER XLPE 1.1KV ARMOURED,PC,L&T,PN-CAB-000,CABLE
CPSE_A,NTPC-MAT-CAB-01307,CBL 4 CORE 16 MM2 COPPER 1.1KV ARMOURED,NOS,GENERIC,PN-CAB-000,CABLE
CPSE_A,NTPC-MAT-CAB-01308,CABLE 4C * 16 SQMM COPPER XLPE 1.1KV,KG,SKF,PN-CAB-000,CABLE
CPSE_A,NTPC-MAT-CAB-01309,POWER CABLE 4C X 16 SQMM COPPER 1.1KV,KG,FAG,PN-CAB-000,CABLE
CPSE_A,NTPC-MAT-CAB-01310,POWER CABLE 4C X 16 SQMM COPPER 1.1KV,SET,HAVELS,PN-CAB-000,CABLE
CPSE_A,NTPC-MAT-CAB-01311,CABLE 4C X 16 SQMM COPPER XLPE 1.1KV ARMOURED,KG,FAG,PN-CAB-000,CABLE
CPSE_A,NTPC-MAT-CAB-01312,CBL 4 CORE 16 MM2 COPPER 1.1KV ARMOURED,PC,SKF,PN-CAB-000,CABLE
CPSE_A,NTPC-MAT-CAB-01313,CABLE 3.5C X 16 SQMM COPPER XLPE 1.1KV ARMOURED,SET,L&T,PN-CAB-001,CABLE
CPSE_A,NTPC-MAT-CAB-01314,CBL 3.5 CORE 16 MM2 COPPER 1.1KV ARMOURED,SET,UNBRAKO,PN-CAB-001,CABLE
CPSE_A,NTPC-MAT-CAB-01315,CABLE 3.5C * 16 SQMM COPPER XLPE 1.1KV,KG,GENERIC,PN-CAB-001,CABLE
CPSE_A,NTPC-MAT-CAB-01316,POWER CABLE 3.5C X 16 SQMM COPPER 1.1KV,MTR,GENERIC,PN-CAB-001,CABLE
CPSE_A,NTPC-MAT-CAB-01317,POWER CABLE 3.5C X 16 SQMM COPPER 1.1KV,MTR,HAVELS,PN-CAB-001,CABLE
CPSE_A,NTPC-MAT-CAB-01318,CABLE 3.5C X 16 SQMM COPPER XLPE 1.1KV ARMOURED,EA,GENERIC,PN-CAB-001,CABLE
CPSE_A,NTPC-MAT-CAB-01319,CBL 3.5 CORE 16 MM2 COPPER 1.1KV ARMOURED,NOS,L&T,PN-CAB-001,CABLE
CPSE_A,NTPC-MAT-CAB-01320,CABLE 3.5C * 16 SQMM COPPER XLPE 1.1KV,SET,GENERIC,PN-CAB-001,CABLE
CPSE_A,NTPC-MAT-CAB-01321,POWER CABLE 3.5C X 16 SQMM COPPER 1.1KV,SET,SKF,PN-CAB-001,CABLE
CPSE_A,NTPC-MAT-CAB-01322,POWER CABLE 3.5C X 16 SQMM COPPER 1.1KV,KG,TATA,PN-CAB-001,CABLE
CPSE_A,NTPC-MAT-CAB-01323,CABLE 3.5C X 16 SQMM COPPER XLPE 1.1KV ARMOURED,PC,GENERIC,PN-CAB-001,CABLE
CPSE_A,NTPC-MAT-CAB-01324,CBL 3.5 CORE 16 MM2 COPPER 1.1KV ARMOURED,KG,FAG,PN-CAB-001,CABLE
CPSE_A,NTPC-MAT-CAB-01325,CABLE 3.5C X 95 SQMM ALUMINIUM XLPE 1.1KV ARMOURED,EA,HAVELS,PN-CAB-002,CABLE
CPSE_A,NTPC-MAT-CAB-01326,CBL 3.5 CORE 95 MM2 ALUMINIUM 1.1KV ARMOURED,KG,UNBRAKO,PN-CAB-002,CABLE
CPSE_A,NTPC-MAT-CAB-01327,CABLE 3.5C * 95 SQMM ALUMINIUM XLPE 1.1KV,KG,HAVELS,PN-CAB-002,CABLE
CPSE_A,NTPC-MAT-CAB-01328,POWER CABLE 3.5C X 95 SQMM ALUMINIUM 1.1KV,EA,UNBRAKO,PN-CAB-002,CABLE
CPSE_A,NTPC-MAT-CAB-01329,POWER CABLE 3.5C X 95 SQMM ALUMINIUM 1.1KV,NOS,SKF,PN-CAB-002,CABLE
CPSE_A,NTPC-MAT-CAB-01330,CABLE 3.5C X 95 SQMM ALUMINIUM XLPE 1.1KV ARMOURED,EA,L&T,PN-CAB-002,CABLE
CPSE_A,NTPC-MAT-CAB-01331,CBL 3.5 CORE 95 MM2 ALUMINIUM 1.1KV ARMOURED,KG,HAVELS,PN-CAB-002,CABLE
CPSE_A,NTPC-MAT-CAB-01332,CABLE 3.5C * 95 SQMM ALUMINIUM XLPE 1.1KV,NOS,TATA,PN-CAB-002,CABLE
CPSE_A,NTPC-MAT-CAB-01333,POWER CABLE 3.5C X 95 SQMM ALUMINIUM 1.1KV,KG,L&T,PN-CAB-002,CABLE
CPSE_A,NTPC-MAT-CAB-01334,POWER CABLE 3.5C X 95 SQMM ALUMINIUM 1.1KV,SET,L&T,PN-CAB-002,CABLE
CPSE_A,NTPC-MAT-CAB-01335,CABLE 3.5C X 95 SQMM ALUMINIUM XLPE 1.1KV ARMOURED,EA,SKF,PN-CAB-002,CABLE
CPSE_A,NTPC-MAT-CAB-01336,CBL 3.5 CORE 95 MM2 ALUMINIUM 1.1KV ARMOURED,MTR,SKF,PN-CAB-002,CABLE
CPSE_A,NTPC-MAT-CAB-01337,CABLE 2C X 2.5 SQMM COPPER PVC 1.1KV UNARMOURED,PC,TATA,PN-CAB-003,CABLE
CPSE_A,NTPC-MAT-CAB-01338,CBL 2 CORE 2.5 MM2 COPPER 1.1KV UNARMOURED,KG,TATA,PN-CAB-003,CABLE
CPSE_A,NTPC-MAT-CAB-01339,CABLE 2C * 2.5 SQMM COPPER PVC 1.1KV,KG,L&T,PN-CAB-003,CABLE
CPSE_A,NTPC-MAT-CAB-01340,POWER CABLE 2C X 2.5 SQMM COPPER 1.1KV,NOS,GENERIC,PN-CAB-003,CABLE
CPSE_A,NTPC-MAT-CAB-01341,POWER CABLE 2C X 2.5 SQMM COPPER 1.1KV,PC,HAVELS,PN-CAB-003,CABLE
CPSE_A,NTPC-MAT-CAB-01342,CABLE 2C X 2.5 SQMM COPPER PVC 1.1KV UNARMOURED,SET,HAVELS,PN-CAB-003,CABLE
CPSE_A,NTPC-MAT-CAB-01343,CBL 2 CORE 2.5 MM2 COPPER 1.1KV UNARMOURED,KG,FAG,PN-CAB-003,CABLE
CPSE_A,NTPC-MAT-CAB-01344,CABLE 2C * 2.5 SQMM COPPER PVC 1.1KV,SET,FAG,PN-CAB-003,CABLE
CPSE_A,NTPC-MAT-CAB-01345,POWER CABLE 2C X 2.5 SQMM COPPER 1.1KV,PC,GENERIC,PN-CAB-003,CABLE
CPSE_A,NTPC-MAT-CAB-01346,POWER CABLE 2C X 2.5 SQMM COPPER 1.1KV,PC,L&T,PN-CAB-003,CABLE
CPSE_A,NTPC-MAT-CAB-01347,CABLE 2C X 2.5 SQMM COPPER PVC 1.1KV UNARMOURED,NOS,SKF,PN-CAB-003,CABLE
CPSE_A,NTPC-MAT-CAB-01348,CBL 2 CORE 2.5 MM2 COPPER 1.1KV UNARMOURED,PC,FAG,PN-CAB-003,CABLE
CPSE_A,NTPC-MAT-CAB-01349,CABLE 3C X 185 SQMM ALUMINIUM XLPE 11KV ARMOURED,PC,L&T,PN-CAB-004,CABLE
CPSE_A,NTPC-MAT-CAB-01350,CBL 3 CORE 185 MM2 ALUMINIUM 11KV ARMOURED,MTR,FAG,PN-CAB-004,CABLE
CPSE_A,NTPC-MAT-CAB-01351,CABLE 3C * 185 SQMM ALUMINIUM XLPE 11KV,NOS,FAG,PN-CAB-004,CABLE
CPSE_A,NTPC-MAT-CAB-01352,POWER CABLE 3C X 185 SQMM ALUMINIUM 11KV,PC,UNBRAKO,PN-CAB-004,CABLE
CPSE_A,NTPC-MAT-CAB-01353,POWER CABLE 3C X 185 SQMM ALUMINIUM 11KV,MTR,UNBRAKO,PN-CAB-004,CABLE
CPSE_A,NTPC-MAT-CAB-01354,CABLE 3C X 185 SQMM ALUMINIUM XLPE 11KV ARMOURED,KG,SKF,PN-CAB-004,CABLE
CPSE_A,NTPC-MAT-CAB-01355,CBL 3 CORE 185 MM2 ALUMINIUM 11KV ARMOURED,NOS,L&T,PN-CAB-004,CABLE
CPSE_A,NTPC-MAT-CAB-01356,CABLE 3C * 185 SQMM ALUMINIUM XLPE 11KV,NOS,FAG,PN-CAB-004,CABLE
CPSE_A,NTPC-MAT-CAB-01357,POWER CABLE 3C X 185 SQMM ALUMINIUM 11KV,EA,UNBRAKO,PN-CAB-004,CABLE
CPSE_A,NTPC-MAT-CAB-01358,POWER CABLE 3C X 185 SQMM ALUMINIUM 11KV,EA,TATA,PN-CAB-004,CABLE
CPSE_A,NTPC-MAT-CAB-01359,CABLE 3C X 185 SQMM ALUMINIUM XLPE 11KV ARMOURED,NOS,UNBRAKO,PN-CAB-004,CABLE
CPSE_A,NTPC-MAT-CAB-01360,CBL 3 CORE 185 MM2 ALUMINIUM 11KV ARMOURED,SET,TATA,PN-CAB-004,CABLE
CPSE_B,IOCL-M-BOL-01361,BOLT HEX M10 X 50 SS304 8.8 IS 1363,MTR,SKF,PN-BOL-000,BOLT
CPSE_B,IOCL-M-BOL-01362,HEX HEAD BOLT M10X50 MM SS304 GRADE 8.8,MTR,L&T,PN-BOL-000,BOLT
CPSE_B,IOCL-M-BOL-01363,FASTENER HEX BOLT M10 * 50 SS304 CLASS 8.8,NOS,SKF,PN-BOL-000,BOLT
CPSE_B,IOCL-M-BOL-01364,BOLT M10X50 8.8 SS304,PC,GENERIC,PN-BOL-000,BOLT
CPSE_B,IOCL-M-BOL-01365,HEX BOLT M10X50 SS304 GR 8.8 IS 1363,KG,GENERIC,PN-BOL-000,BOLT
CPSE_B,IOCL-M-BOL-01366,BOLT HEX M10 X 50 SS304 8.8 IS 1363,MTR,FAG,PN-BOL-000,BOLT
CPSE_B,IOCL-M-BOL-01367,HEX HEAD BOLT M10X50 MM SS304 GRADE 8.8,NOS,L&T,PN-BOL-000,BOLT
CPSE_B,IOCL-M-BOL-01368,FASTENER HEX BOLT M10 * 50 SS304 CLASS 8.8,SET,SKF,PN-BOL-000,BOLT
CPSE_B,IOCL-M-BOL-01369,BOLT M10X50 8.8 SS304,MTR,GENERIC,PN-BOL-000,BOLT
CPSE_B,IOCL-M-BOL-01370,HEX BOLT M10X50 SS304 GR 8.8 IS 1363,MTR,TATA,PN-BOL-000,BOLT
CPSE_B,IOCL-M-BOL-01371,BOLT HEX M10 X 50 SS304 8.8 IS 1363,PC,TATA,PN-BOL-000,BOLT
CPSE_B,IOCL-M-BOL-01372,HEX HEAD BOLT M10X50 MM SS304 GRADE 8.8,PC,HAVELS,PN-BOL-000,BOLT
CPSE_B,IOCL-M-BOL-01373,BOLT HEX M12 X 60 SS316 10.9 ISO 4014,EA,SKF,PN-BOL-001,BOLT
CPSE_B,IOCL-M-BOL-01374,HEX HEAD BOLT M12X60 MM SS316 GRADE 10.9,KG,TATA,PN-BOL-001,BOLT
CPSE_B,IOCL-M-BOL-01375,FASTENER HEX BOLT M12 * 60 SS316 CLASS 10.9,PC,L&T,PN-BOL-001,BOLT
CPSE_B,IOCL-M-BOL-01376,BOLT M12X60 10.9 SS316,MTR,HAVELS,PN-BOL-001,BOLT
CPSE_B,IOCL-M-BOL-01377,HEX BOLT M12X60 SS316 GR 10.9 ISO 4014,PC,UNBRAKO,PN-BOL-001,BOLT
CPSE_B,IOCL-M-BOL-01378,BOLT HEX M12 X 60 SS316 10.9 ISO 4014,KG,SKF,PN-BOL-001,BOLT
CPSE_B,IOCL-M-BOL-01379,HEX HEAD BOLT M12X60 MM SS316 GRADE 10.9,PC,L&T,PN-BOL-001,BOLT
CPSE_B,IOCL-M-BOL-01380,FASTENER HEX BOLT M12 * 60 SS316 CLASS 10.9,EA,TATA,PN-BOL-001,BOLT
CPSE_B,IOCL-M-BOL-01381,BOLT M12X60 10.9 SS316,NOS,UNBRAKO,PN-BOL-001,BOLT
CPSE_B,IOCL-M-BOL-01382,HEX BOLT M12X60 SS316 GR 10.9 ISO 4014,NOS,L&T,PN-BOL-001,BOLT
CPSE_B,IOCL-M-BOL-01383,BOLT HEX M12 X 60 SS316 10.9 ISO 4014,SET,HAVELS,PN-BOL-001,BOLT
CPSE_B,IOCL-M-BOL-01384,HEX HEAD BOLT M12X60 MM SS316 GRADE 10.9,KG,UNBRAKO,PN-BOL-001,BOLT
CPSE_B,IOCL-M-BOL-01385,BOLT HEX M16 X 70 CARBON_STEEL 8.8 DIN 931,KG,HAVELS,PN-BOL-002,BOLT
CPSE_B,IOCL-M-BOL-01386,HEX HEAD BOLT M16X70 MM CARBON_STEEL GRADE 8.8,EA,UNBRAKO,PN-BOL-002,BOLT
CPSE_B,IOCL-M-BOL-01387,FASTENER HEX BOLT M16 * 70 CARBON_STEEL CLASS 8.8,KG,GENERIC,PN-BOL-002,BOLT
CPSE_B,IOCL-M-BOL-01388,BOLT M16X70 8.8 CARBON_STEEL,MTR,L&T,PN-BOL-002,BOLT
CPSE_B,IOCL-M-BOL-01389,HEX BOLT M16X70 CARBON_STEEL GR 8.8 DIN 931,KG,L&T,PN-BOL-002,BOLT
CPSE_B,IOCL-M-BOL-01390,BOLT HEX M16 X 70 CARBON_STEEL 8.8 DIN 931,PC,TATA,PN-BOL-002,BOLT
CPSE_B,IOCL-M-BOL-01391,HEX HEAD BOLT M16X70 MM CARBON_STEEL GRADE 8.8,KG,SKF,PN-BOL-002,BOLT
CPSE_B,IOCL-M-BOL-01392,FASTENER HEX BOLT M16 * 70 CARBON_STEEL CLASS 8.8,MTR,HAVELS,PN-BOL-002,BOLT
CPSE_B,IOCL-M-BOL-01393,BOLT M16X70 8.8 CARBON_STEEL,MTR,SKF,PN-BOL-002,BOLT
CPSE_B,IOCL-M-BOL-01394,HEX BOLT M16X70 CARBON_STEEL GR 8.8 DIN 931,SET,SKF,PN-BOL-002,BOLT
CPSE_B,IOCL-M-BOL-01395,BOLT HEX M16 X 70 CARBON_STEEL 8.8 DIN 931,EA,FAG,PN-BOL-002,BOLT
CPSE_B,IOCL-M-BOL-01396,HEX HEAD BOLT M16X70 MM CARBON_STEEL GRADE 8.8,KG,L&T,PN-BOL-002,BOLT
CPSE_B,IOCL-M-BOL-01397,BOLT HEX M20 X 100 SS304 A2-70 ASME B18.31.2,KG,UNBRAKO,PN-BOL-003,BOLT
CPSE_B,IOCL-M-BOL-01398,HEX HEAD BOLT M20X100 MM SS304 GRADE A2-70,KG,GENERIC,PN-BOL-003,BOLT
CPSE_B,IOCL-M-BOL-01399,FASTENER STUD BOLT M20 * 100 SS304 CLASS A2-70,MTR,TATA,PN-BOL-003,BOLT
CPSE_B,IOCL-M-BOL-01400,BOLT M20X100 A2-70 SS304,SET,HAVELS,PN-BOL-003,BOLT
CPSE_B,IOCL-M-BOL-01401,STUD BOLT M20X100 SS304 GR A2-70 ASME B18.31.2,SET,GENERIC,PN-BOL-003,BOLT
CPSE_B,IOCL-M-BOL-01402,BOLT HEX M20 X 100 SS304 A2-70 ASME B18.31.2,MTR,FAG,PN-BOL-003,BOLT
CPSE_B,IOCL-M-BOL-01403,HEX HEAD BOLT M20X100 MM SS304 GRADE A2-70,NOS,UNBRAKO,PN-BOL-003,BOLT
CPSE_B,IOCL-M-BOL-01404,FASTENER STUD BOLT M20 * 100 SS304 CLASS A2-70,MTR,TATA,PN-BOL-003,BOLT
CPSE_B,IOCL-M-BOL-01405,BOLT M20X100 A2-70 SS304,KG,TATA,PN-BOL-003,BOLT
CPSE_B,IOCL-M-BOL-01406,STUD BOLT M20X100 SS304 GR A2-70 ASME B18.31.2,SET,GENERIC,PN-BOL-003,BOLT
CPSE_B,IOCL-M-BOL-01407,BOLT HEX M20 X 100 SS304 A2-70 ASME B18.31.2,SET,L&T,PN-BOL-003,BOLT
CPSE_B,IOCL-M-BOL-01408,HEX HEAD BOLT M20X100 MM SS304 GRADE A2-70,SET,SKF,PN-BOL-003,BOLT
CPSE_B,IOCL-M-BOL-01409,BOLT HEX M8 X 30 ALLOY_STEEL 12.9 DIN 912,SET,SKF,PN-BOL-004,BOLT
CPSE_B,IOCL-M-BOL-01410,HEX HEAD BOLT M8X30 MM ALLOY_STEEL GRADE 12.9,SET,UNBRAKO,PN-BOL-004,BOLT
CPSE_B,IOCL-M-BOL-01411,FASTENER CAP SCREW M8 * 30 ALLOY_STEEL CLASS 12.9,PC,FAG,PN-BOL-004,BOLT
CPSE_B,IOCL-M-BOL-01412,BOLT M8X30 12.9 ALLOY_STEEL,KG,HAVELS,PN-BOL-004,BOLT
CPSE_B,IOCL-M-BOL-01413,CAP SCREW M8X30 ALLOY_STEEL GR 12.9 DIN 912,EA,L&T,PN-BOL-004,BOLT
CPSE_B,IOCL-M-BOL-01414,BOLT HEX M8 X 30 ALLOY_STEEL 12.9 DIN 912,NOS,SKF,PN-BOL-004,BOLT
CPSE_B,IOCL-M-BOL-01415,HEX HEAD BOLT M8X30 MM ALLOY_STEEL GRADE 12.9,SET,GENERIC,PN-BOL-004,BOLT
CPSE_B,IOCL-M-BOL-01416,FASTENER CAP SCREW M8 * 30 ALLOY_STEEL CLASS 12.9,PC,TATA,PN-BOL-004,BOLT
CPSE_B,IOCL-M-BOL-01417,BOLT M8X30 12.9 ALLOY_STEEL,MTR,GENERIC,PN-BOL-004,BOLT
CPSE_B,IOCL-M-BOL-01418,CAP SCREW M8X30 ALLOY_STEEL GR 12.9 DIN 912,NOS,UNBRAKO,PN-BOL-004,BOLT
CPSE_B,IOCL-M-BOL-01419,BOLT HEX M8 X 30 ALLOY_STEEL 12.9 DIN 912,KG,UNBRAKO,PN-BOL-004,BOLT
CPSE_B,IOCL-M-BOL-01420,HEX HEAD BOLT M8X30 MM ALLOY_STEEL GRADE 12.9,NOS,TATA,PN-BOL-004,BOLT
CPSE_B,IOCL-M-PIP-01421,SEAMLESS PIPE 4 IN SCH_40 A106_GR_B,PC,L&T,PN-PIP-000,PIPE
CPSE_B,IOCL-M-PIP-01422,PIPE CS 4 IN SCH_40 SEAMLESS SPEC A106_GR_B,EA,HAVELS,PN-PIP-000,PIPE
CPSE_B,IOCL-M-PIP-01423,4 IN PIPE A106_GR_B SCH_40 SEAMLESS,NOS,L&T,PN-PIP-000,PIPE
CPSE_B,IOCL-M-PIP-01424,TUBING 4 IN SCH_40 A106_GR_B,SET,UNBRAKO,PN-PIP-000,PIPE
CPSE_B,IOCL-M-PIP-01425,PIPE 4 IN SCH_40 SEAMLESS A106_GR_B ASTM A106,KG,FAG,PN-PIP-000,PIPE
CPSE_B,IOCL-M-PIP-01426,SEAMLESS PIPE 4 IN SCH_40 A106_GR_B,MTR,FAG,PN-PIP-000,PIPE
CPSE_B,IOCL-M-PIP-01427,PIPE CS 4 IN SCH_40 SEAMLESS SPEC A106_GR_B,SET,UNBRAKO,PN-PIP-000,PIPE
CPSE_B,IOCL-M-PIP-01428,4 IN PIPE A106_GR_B SCH_40 SEAMLESS,EA,FAG,PN-PIP-000,PIPE
CPSE_B,IOCL-M-PIP-01429,TUBING 4 IN SCH_40 A106_GR_B,SET,GENERIC,PN-PIP-000,PIPE
CPSE_B,IOCL-M-PIP-01430,PIPE 4 IN SCH_40 SEAMLESS A106_GR_B ASTM A106,PC,FAG,PN-PIP-000,PIPE
CPSE_B,IOCL-M-PIP-01431,SEAMLESS PIPE 4 IN SCH_40 A106_GR_B,EA,GENERIC,PN-PIP-000,PIPE
CPSE_B,IOCL-M-PIP-01432,PIPE CS 4 IN SCH_40 SEAMLESS SPEC A106_GR_B,EA,GENERIC,PN-PIP-000,PIPE
CPSE_B,IOCL-M-PIP-01433,SEAMLESS PIPE 4 IN SCH_80 A106_GR_B,EA,HAVELS,PN-PIP-001,PIPE
CPSE_B,IOCL-M-PIP-01434,PIPE CS 4 IN SCH_80 SEAMLESS SPEC A106_GR_B,SET,TATA,PN-PIP-001,PIPE
CPSE_B,IOCL-M-PIP-01435,4 IN PIPE A106_GR_B SCH_80 SEAMLESS,MTR,HAVELS,PN-PIP-001,PIPE
CPSE_B,IOCL-M-PIP-01436,TUBING 4 IN SCH_80 A106_GR_B,SET,FAG,PN-PIP-001,PIPE
CPSE_B,IOCL-M-PIP-01437,PIPE 4 IN SCH_80 SEAMLESS A106_GR_B ASTM A106,PC,SKF,PN-PIP-001,PIPE
CPSE_B,IOCL-M-PIP-01438,SEAMLESS PIPE 4 IN SCH_80 A106_GR_B,NOS,SKF,PN-PIP-001,PIPE
CPSE_B,IOCL-M-PIP-01439,PIPE CS 4 IN SCH_80 SEAMLESS SPEC A106_GR_B,EA,TATA,PN-PIP-001,PIPE
CPSE_B,IOCL-M-PIP-01440,4 IN PIPE A106_GR_B SCH_80 SEAMLESS,MTR,HAVELS,PN-PIP-001,PIPE
CPSE_B,IOCL-M-PIP-01441,TUBING 4 IN SCH_80 A106_GR_B,KG,HAVELS,PN-PIP-001,PIPE
CPSE_B,IOCL-M-PIP-01442,PIPE 4 IN SCH_80 SEAMLESS A106_GR_B ASTM A106,EA,TATA,PN-PIP-001,PIPE
CPSE_B,IOCL-M-PIP-01443,SEAMLESS PIPE 4 IN SCH_80 A106_GR_B,KG,UNBRAKO,PN-PIP-001,PIPE
CPSE_B,IOCL-M-PIP-01444,PIPE CS 4 IN SCH_80 SEAMLESS SPEC A106_GR_B,SET,TATA,PN-PIP-001,PIPE
CPSE_B,IOCL-M-PIP-01445,SEAMLESS PIPE 2 IN SCH_40 A53_GR_B,NOS,TATA,PN-PIP-002,PIPE
CPSE_B,IOCL-M-PIP-01446,PIPE CS 2 IN SCH_40 ERW SPEC A53_GR_B,KG,FAG,PN-PIP-002,PIPE
CPSE_B,IOCL-M-PIP-01447,2 IN PIPE A53_GR_B SCH_40 ERW,NOS,UNBRAKO,PN-PIP-002,PIPE
CPSE_B,IOCL-M-PIP-01448,TUBING 2 IN SCH_40 A53_GR_B,NOS,L&T,PN-PIP-002,PIPE
CPSE_B,IOCL-M-PIP-01449,PIPE 2 IN SCH_40 ERW A53_GR_B ASTM A53,NOS,L&T,PN-PIP-002,PIPE
CPSE_B,IOCL-M-PIP-01450,SEAMLESS PIPE 2 IN SCH_40 A53_GR_B,PC,SKF,PN-PIP-002,PIPE
CPSE_B,IOCL-M-PIP-01451,PIPE CS 2 IN SCH_40 ERW SPEC A53_GR_B,SET,L&T,PN-PIP-002,PIPE
CPSE_B,IOCL-M-PIP-01452,2 IN PIPE A53_GR_B SCH_40 ERW,KG,GENERIC,PN-PIP-002,PIPE
CPSE_B,IOCL-M-PIP-01453,TUBING 2 IN SCH_40 A53_GR_B,SET,FAG,PN-PIP-002,PIPE
CPSE_B,IOCL-M-PIP-01454,PIPE 2 IN SCH_40 ERW A53_GR_B ASTM A53,NOS,FAG,PN-PIP-002,PIPE
CPSE_B,IOCL-M-PIP-01455,SEAMLESS PIPE 2 IN SCH_40 A53_GR_B,NOS,TATA,PN-PIP-002,PIPE
CPSE_B,IOCL-M-PIP-01456,PIPE CS 2 IN SCH_40 ERW SPEC A53_GR_B,NOS,UNBRAKO,PN-PIP-002,PIPE
CPSE_B,IOCL-M-PIP-01457,SEAMLESS PIPE 6 IN SCH_80 API_5L_X52,KG,UNBRAKO,PN-PIP-003,PIPE
CPSE_B,IOCL-M-PIP-01458,PIPE CS 6 IN SCH_80 SEAMLESS SPEC API_5L_X52,MTR,TATA,PN-PIP-003,PIPE
CPSE_B,IOCL-M-PIP-01459,6 IN PIPE API_5L_X52 SCH_80 SEAMLESS,EA,L&T,PN-PIP-003,PIPE
CPSE_B,IOCL-M-PIP-01460,TUBING 6 IN SCH_80 API_5L_X52,SET,GENERIC,PN-PIP-003,PIPE
CPSE_B,IOCL-M-PIP-01461,PIPE 6 IN SCH_80 SEAMLESS API_5L_X52 API 5L,NOS,UNBRAKO,PN-PIP-003,PIPE
CPSE_B,IOCL-M-PIP-01462,SEAMLESS PIPE 6 IN SCH_80 API_5L_X52,PC,UNBRAKO,PN-PIP-003,PIPE
CPSE_B,IOCL-M-PIP-01463,PIPE CS 6 IN SCH_80 SEAMLESS SPEC API_5L_X52,PC,L&T,PN-PIP-003,PIPE
CPSE_B,IOCL-M-PIP-01464,6 IN PIPE API_5L_X52 SCH_80 SEAMLESS,KG,FAG,PN-PIP-003,PIPE
CPSE_B,IOCL-M-PIP-01465,TUBING 6 IN SCH_80 API_5L_X52,NOS,SKF,PN-PIP-003,PIPE
CPSE_B,IOCL-M-PIP-01466,PIPE 6 IN SCH_80 SEAMLESS API_5L_X52 API 5L,PC,UNBRAKO,PN-PIP-003,PIPE
CPSE_B,IOCL-M-PIP-01467,SEAMLESS PIPE 6 IN SCH_80 API_5L_X52,PC,UNBRAKO,PN-PIP-003,PIPE
CPSE_B,IOCL-M-PIP-01468,PIPE CS 6 IN SCH_80 SEAMLESS SPEC API_5L_X52,MTR,L&T,PN-PIP-003,PIPE
CPSE_B,IOCL-M-PIP-01469,SEAMLESS PIPE 3 IN SCH_10S SS304,PC,L&T,PN-PIP-004,PIPE
CPSE_B,IOCL-M-PIP-01470,PIPE CS 3 IN SCH_10S SEAMLESS SPEC SS304,NOS,SKF,PN-PIP-004,PIPE
CPSE_B,IOCL-M-PIP-01471,3 IN PIPE SS304 SCH_10S SEAMLESS,MTR,L&T,PN-PIP-004,PIPE
CPSE_B,IOCL-M-PIP-01472,TUBING 3 IN SCH_10S SS304,PC,SKF,PN-PIP-004,PIPE
CPSE_B,IOCL-M-PIP-01473,PIPE 3 IN SCH_10S SEAMLESS SS304 ASTM A312,SET,SKF,PN-PIP-004,PIPE
CPSE_B,IOCL-M-PIP-01474,SEAMLESS PIPE 3 IN SCH_10S SS304,PC,TATA,PN-PIP-004,PIPE
CPSE_B,IOCL-M-PIP-01475,PIPE CS 3 IN SCH_10S SEAMLESS SPEC SS304,NOS,TATA,PN-PIP-004,PIPE
CPSE_B,IOCL-M-PIP-01476,3 IN PIPE SS304 SCH_10S SEAMLESS,PC,FAG,PN-PIP-004,PIPE
CPSE_B,IOCL-M-PIP-01477,TUBING 3 IN SCH_10S SS304,PC,L&T,PN-PIP-004,PIPE
CPSE_B,IOCL-M-PIP-01478,PIPE 3 IN SCH_10S SEAMLESS SS304 ASTM A312,EA,FAG,PN-PIP-004,PIPE
CPSE_B,IOCL-M-PIP-01479,SEAMLESS PIPE 3 IN SCH_10S SS304,EA,SKF,PN-PIP-004,PIPE
CPSE_B,IOCL-M-PIP-01480,PIPE CS 3 IN SCH_10S SEAMLESS SPEC SS304,MTR,TATA,PN-PIP-004,PIPE
CPSE_B,IOCL-M-BEA-01481,BRG DEEP GROOVE BALL 6205 2RS,NOS,HAVELS,PN-BEA-000,BEARING
CPSE_B,IOCL-M-BEA-01482,BALL BEARING 6205 2RS C3,KG,UNBRAKO,PN-BEA-000,BEARING
CPSE_B,IOCL-M-BEA-01483,BEARING 6205 2RS CLEARANCE C3,KG,SKF,PN-BEA-000,BEARING
CPSE_B,IOCL-M-BEA-01484,BRG 6205 2RS (25* 52* 15),NOS,FAG,PN-BEA-000,BEARING
CPSE_B,IOCL-M-BEA-01485,BEARING 6205-2RS C3 (25X52X15 MM),MTR,GENERIC,PN-BEA-000,BEARING
CPSE_B,IOCL-M-BEA-01486,BRG DEEP GROOVE BALL 6205 2RS,KG,GENERIC,PN-BEA-000,BEARING
CPSE_B,IOCL-M-BEA-01487,BALL BEARING 6205 2RS C3,KG,HAVELS,PN-BEA-000,BEARING
CPSE_B,IOCL-M-BEA-01488,BEARING 6205 2RS CLEARANCE C3,SET,UNBRAKO,PN-BEA-000,BEARING
CPSE_B,IOCL-M-BEA-01489,BRG 6205 2RS (25* 52* 15),KG,L&T,PN-BEA-000,BEARING
CPSE_B,IOCL-M-BEA-01490,BEARING 6205-2RS C3 (25X52X15 MM),PC,FAG,PN-BEA-000,BEARING
CPSE_B,IOCL-M-BEA-01491,BRG DEEP GROOVE BALL 6205 2RS,PC,UNBRAKO,PN-BEA-000,BEARING
CPSE_B,IOCL-M-BEA-01492,BALL BEARING 6205 2RS C3,NOS,GENERIC,PN-BEA-000,BEARING
CPSE_B,IOCL-M-BEA-01493,BRG DEEP GROOVE BALL 6205 ZZ,PC,FAG,PN-BEA-001,BEARING
CPSE_B,IOCL-M-BEA-01494,BALL BEARING 6205 ZZ C3,SET,UNBRAKO,PN-BEA-001,BEARING
CPSE_B,IOCL-M-BEA-01495,BEARING 6205 ZZ CLEARANCE C3,PC,UNBRAKO,PN-BEA-001,BEARING
CPSE_B,IOCL-M-BEA-01496,BRG 6205 ZZ (25* 52* 15),KG,UNBRAKO,PN-BEA-001,BEARING
CPSE_B,IOCL-M-BEA-01497,BEARING 6205-ZZ C3 (25X52X15 MM),EA,L&T,PN-BEA-001,BEARING
CPSE_B,IOCL-M-BEA-01498,BRG DEEP GROOVE BALL 6205 ZZ,EA,GENERIC,PN-BEA-001,BEARING
CPSE_B,IOCL-M-BEA-01499,BALL BEARING 6205 ZZ C3,SET,UNBRAKO,PN-BEA-001,BEARING
CPSE_B,IOCL-M-BEA-01500,BEARING 6205 ZZ CLEARANCE C3,SET,FAG,PN-BEA-001,BEARING
CPSE_B,IOCL-M-BEA-01501,BRG 6205 ZZ (25* 52* 15),KG,GENERIC,PN-BEA-001,BEARING
CPSE_B,IOCL-M-BEA-01502,BEARING 6205-ZZ C3 (25X52X15 MM),EA,SKF,PN-BEA-001,BEARING
CPSE_B,IOCL-M-BEA-01503,BRG DEEP GROOVE BALL 6205 ZZ,KG,GENERIC,PN-BEA-001,BEARING
CPSE_B,IOCL-M-BEA-01504,BALL BEARING 6205 ZZ C3,MTR,UNBRAKO,PN-BEA-001,BEARING
CPSE_B,IOCL-M-BEA-01505,BRG DEEP GROOVE BALL 6308 OPEN,MTR,L&T,PN-BEA-002,BEARING
CPSE_B,IOCL-M-BEA-01506,BALL BEARING 6308 OPEN CN,EA,SKF,PN-BEA-002,BEARING
CPSE_B,IOCL-M-BEA-01507,BEARING 6308 OPEN CLEARANCE CN,SET,FAG,PN-BEA-002,BEARING
CPSE_B,IOCL-M-BEA-01508,BRG 6308 OPEN (40* 90* 23),EA,FAG,PN-BEA-002,BEARING
CPSE_B,IOCL-M-BEA-01509,BEARING 6308-OPEN CN (40X90X23 MM),SET,SKF,PN-BEA-002,BEARING
CPSE_B,IOCL-M-BEA-01510,BRG DEEP GROOVE BALL 6308 OPEN,PC,UNBRAKO,PN-BEA-002,BEARING
CPSE_B,IOCL-M-BEA-01511,BALL BEARING 6308 OPEN CN,MTR,HAVELS,PN-BEA-002,BEARING
CPSE_B,IOCL-M-BEA-01512,BEARING 6308 OPEN CLEARANCE CN,SET,TATA,PN-BEA-002,BEARING
CPSE_B,IOCL-M-BEA-01513,BRG 6308 OPEN (40* 90* 23),NOS,SKF,PN-BEA-002,BEARING
CPSE_B,IOCL-M-BEA-01514,BEARING 6308-OPEN CN (40X90X23 MM),MTR,HAVELS,PN-BEA-002,BEARING
CPSE_B,IOCL-M-BEA-01515,BRG DEEP GROOVE BALL 6308 OPEN,NOS,L&T,PN-BEA-002,BEARING
CPSE_B,IOCL-M-BEA-01516,BALL BEARING 6308 OPEN CN,NOS,GENERIC,PN-BEA-002,BEARING
CPSE_B,IOCL-M-BEA-01517,BRG DEEP GROOVE BALL 30205 OPEN,NOS,HAVELS,PN-BEA-003,BEARING
CPSE_B,IOCL-M-BEA-01518,BALL BEARING 30205 OPEN CN,SET,SKF,PN-BEA-003,BEARING
CPSE_B,IOCL-M-BEA-01519,BEARING 30205 OPEN CLEARANCE CN,EA,TATA,PN-BEA-003,BEARING
CPSE_B,IOCL-M-BEA-01520,BRG 30205 OPEN (25* 52* 16.25),EA,L&T,PN-BEA-003,BEARING
CPSE_B,IOCL-M-BEA-01521,BEARING 30205-OPEN CN (25X52X16.25 MM),MTR,SKF,PN-BEA-003,BEARING
CPSE_B,IOCL-M-BEA-01522,BRG DEEP GROOVE BALL 30205 OPEN,PC,HAVELS,PN-BEA-003,BEARING
CPSE_B,IOCL-M-BEA-01523,BALL BEARING 30205 OPEN CN,KG,GENERIC,PN-BEA-003,BEARING
CPSE_B,IOCL-M-BEA-01524,BEARING 30205 OPEN CLEARANCE CN,KG,TATA,PN-BEA-003,BEARING
CPSE_B,IOCL-M-BEA-01525,BRG 30205 OPEN (25* 52* 16.25),KG,SKF,PN-BEA-003,BEARING
CPSE_B,IOCL-M-BEA-01526,BEARING 30205-OPEN CN (25X52X16.25 MM),MTR,HAVELS,PN-BEA-003,BEARING
CPSE_B,IOCL-M-BEA-01527,BRG DEEP GROOVE BALL 30205 OPEN,NOS,HAVELS,PN-BEA-003,BEARING
CPSE_B,IOCL-M-BEA-01528,BALL BEARING 30205 OPEN CN,KG,SKF,PN-BEA-003,BEARING
CPSE_B,IOCL-M-BEA-01529,BRG DEEP GROOVE BALL 22210 OPEN,PC,L&T,PN-BEA-004,BEARING
CPSE_B,IOCL-M-BEA-01530,BALL BEARING 22210 OPEN C3,NOS,GENERIC,PN-BEA-004,BEARING
CPSE_B,IOCL-M-BEA-01531,BEARING 22210 OPEN CLEARANCE C3,SET,SKF,PN-BEA-004,BEARING
CPSE_B,IOCL-M-BEA-01532,BRG 22210 OPEN (50* 90* 23),MTR,TATA,PN-BEA-004,BEARING
CPSE_B,IOCL-M-BEA-01533,BEARING 22210-OPEN C3 (50X90X23 MM),NOS,UNBRAKO,PN-BEA-004,BEARING
CPSE_B,IOCL-M-BEA-01534,BRG DEEP GROOVE BALL 22210 OPEN,EA,FAG,PN-BEA-004,BEARING
CPSE_B,IOCL-M-BEA-01535,BALL BEARING 22210 OPEN C3,KG,SKF,PN-BEA-004,BEARING
CPSE_B,IOCL-M-BEA-01536,BEARING 22210 OPEN CLEARANCE C3,PC,UNBRAKO,PN-BEA-004,BEARING
CPSE_B,IOCL-M-BEA-01537,BRG 22210 OPEN (50* 90* 23),KG,SKF,PN-BEA-004,BEARING
CPSE_B,IOCL-M-BEA-01538,BEARING 22210-OPEN C3 (50X90X23 MM),KG,UNBRAKO,PN-BEA-004,BEARING
CPSE_B,IOCL-M-BEA-01539,BRG DEEP GROOVE BALL 22210 OPEN,MTR,TATA,PN-BEA-004,BEARING
CPSE_B,IOCL-M-BEA-01540,BALL BEARING 22210 OPEN C3,KG,SKF,PN-BEA-004,BEARING
CPSE_B,IOCL-M-VAL-01541,GATE VALVE 4 IN CL 150 SS304,NOS,TATA,PN-VAL-000,VALVE
CPSE_B,IOCL-M-VAL-01542,VLV GATE 4 IN # 150 SS304 FLANGED,PC,SKF,PN-VAL-000,VALVE
CPSE_B,IOCL-M-VAL-01543,VALVE GATE 4 IN CLASS 150 BODY SS304,MTR,L&T,PN-VAL-000,VALVE
CPSE_B,IOCL-M-VAL-01544,FLANGED GATE VALVE 4 IN CL 150,KG,TATA,PN-VAL-000,VALVE
CPSE_B,IOCL-M-VAL-01545,VALVE GATE 4 IN CLASS 150 SS304 FLANGED,EA,UNBRAKO,PN-VAL-000,VALVE
CPSE_B,IOCL-M-VAL-01546,GATE VALVE 4 IN CL 150 SS304,KG,FAG,PN-VAL-000,VALVE
CPSE_B,IOCL-M-VAL-01547,VLV GATE 4 IN # 150 SS304 FLANGED,EA,SKF,PN-VAL-000,VALVE
CPSE_B,IOCL-M-VAL-01548,VALVE GATE 4 IN CLASS 150 BODY SS304,KG,UNBRAKO,PN-VAL-000,VALVE
CPSE_B,IOCL-M-VAL-01549,FLANGED GATE VALVE 4 IN CL 150,MTR,L&T,PN-VAL-000,VALVE
CPSE_B,IOCL-M-VAL-01550,VALVE GATE 4 IN CLASS 150 SS304 FLANGED,EA,FAG,PN-VAL-000,VALVE
CPSE_B,IOCL-M-VAL-01551,GATE VALVE 4 IN CL 150 SS304,MTR,UNBRAKO,PN-VAL-000,VALVE
CPSE_B,IOCL-M-VAL-01552,VLV GATE 4 IN # 150 SS304 FLANGED,MTR,FAG,PN-VAL-000,VALVE
CPSE_B,IOCL-M-VAL-01553,GATE VALVE 4 IN CL 300 SS304,NOS,L&T,PN-VAL-001,VALVE
CPSE_B,IOCL-M-VAL-01554,VLV GATE 4 IN # 300 SS304 FLANGED,NOS,GENERIC,PN-VAL-001,VALVE
CPSE_B,IOCL-M-VAL-01555,VALVE GATE 4 IN CLASS 300 BODY SS304,SET,HAVELS,PN-VAL-001,VALVE
CPSE_B,IOCL-M-VAL-01556,FLANGED GATE VALVE 4 IN CL 300,PC,UNBRAKO,PN-VAL-001,VALVE
CPSE_B,IOCL-M-VAL-01557,VALVE GATE 4 IN CLASS 300 SS304 FLANGED,MTR,SKF,PN-VAL-001,VALVE
CPSE_B,IOCL-M-VAL-01558,GATE VALVE 4 IN CL 300 SS304,KG,GENERIC,PN-VAL-001,VALVE
CPSE_B,IOCL-M-VAL-01559,VLV GATE 4 IN # 300 SS304 FLANGED,NOS,FAG,PN-VAL-001,VALVE
CPSE_B,IOCL-M-VAL-01560,VALVE GATE 4 IN CLASS 300 BODY SS304,NOS,UNBRAKO,PN-VAL-001,VALVE
CPSE_B,IOCL-M-VAL-01561,FLANGED GATE VALVE 4 IN CL 300,PC,L&T,PN-VAL-001,VALVE
CPSE_B,IOCL-M-VAL-01562,VALVE GATE 4 IN CLASS 300 SS304 FLANGED,EA,HAVELS,PN-VAL-001,VALVE
CPSE_B,IOCL-M-VAL-01563,GATE VALVE 4 IN CL 300 SS304,PC,GENERIC,PN-VAL-001,VALVE
CPSE_B,IOCL-M-VAL-01564,VLV GATE 4 IN # 300 SS304 FLANGED,KG,L&T,PN-VAL-001,VALVE
CPSE_B,IOCL-M-VAL-01565,GLOBE VALVE 2 IN CL 300 CARBON_STEEL,PC,UNBRAKO,PN-VAL-002,VALVE
CPSE_B,IOCL-M-VAL-01566,VLV GLOBE 2 IN # 300 CARBON_STEEL FLANGED,EA,SKF,PN-VAL-002,VALVE
CPSE_B,IOCL-M-VAL-01567,VALVE GLOBE 2 IN CLASS 300 BODY CARBON_STEEL,KG,L&T,PN-VAL-002,VALVE
CPSE_B,IOCL-M-VAL-01568,FLANGED GLOBE VALVE 2 IN CL 300,SET,SKF,PN-VAL-002,VALVE
CPSE_B,IOCL-M-VAL-01569,VALVE GLOBE 2 IN CLASS 300 CARBON_STEEL FLANGED,MTR,GENERIC,PN-VAL-002,VALVE
CPSE_B,IOCL-M-VAL-01570,GLOBE VALVE 2 IN CL 300 CARBON_STEEL,EA,FAG,PN-VAL-002,VALVE
CPSE_B,IOCL-M-VAL-01571,VLV GLOBE 2 IN # 300 CARBON_STEEL FLANGED,MTR,SKF,PN-VAL-002,VALVE
CPSE_B,IOCL-M-VAL-01572,VALVE GLOBE 2 IN CLASS 300 BODY CARBON_STEEL,MTR,UNBRAKO,PN-VAL-002,VALVE
CPSE_B,IOCL-M-VAL-01573,FLANGED GLOBE VALVE 2 IN CL 300,PC,SKF,PN-VAL-002,VALVE
CPSE_B,IOCL-M-VAL-01574,VALVE GLOBE 2 IN CLASS 300 CARBON_STEEL FLANGED,EA,SKF,PN-VAL-002,VALVE
CPSE_B,IOCL-M-VAL-01575,GLOBE VALVE 2 IN CL 300 CARBON_STEEL,PC,L&T,PN-VAL-002,VALVE
CPSE_B,IOCL-M-VAL-01576,VLV GLOBE 2 IN # 300 CARBON_STEEL FLANGED,EA,UNBRAKO,PN-VAL-002,VALVE
CPSE_B,IOCL-M-VAL-01577,CHECK VALVE 3 IN CL 150 SS316,PC,HAVELS,PN-VAL-003,VALVE
CPSE_B,IOCL-M-VAL-01578,VLV CHECK 3 IN # 150 SS316 FLANGED,KG,FAG,PN-VAL-003,VALVE
CPSE_B,IOCL-M-VAL-01579,VALVE CHECK 3 IN CLASS 150 BODY SS316,MTR,TATA,PN-VAL-003,VALVE
CPSE_B,IOCL-M-VAL-01580,FLANGED CHECK VALVE 3 IN CL 150,NOS,UNBRAKO,PN-VAL-003,VALVE
CPSE_B,IOCL-M-VAL-01581,VALVE CHECK 3 IN CLASS 150 SS316 FLANGED,SET,HAVELS,PN-VAL-003,VALVE
CPSE_B,IOCL-M-VAL-01582,CHECK VALVE 3 IN CL 150 SS316,KG,GENERIC,PN-VAL-003,VALVE
CPSE_B,IOCL-M-VAL-01583,VLV CHECK 3 IN # 150 SS316 FLANGED,KG,TATA,PN-VAL-003,VALVE
CPSE_B,IOCL-M-VAL-01584,VALVE CHECK 3 IN CLASS 150 BODY SS316,KG,GENERIC,PN-VAL-003,VALVE
CPSE_B,IOCL-M-VAL-01585,FLANGED CHECK VALVE 3 IN CL 150,EA,UNBRAKO,PN-VAL-003,VALVE
CPSE_B,IOCL-M-VAL-01586,VALVE CHECK 3 IN CLASS 150 SS316 FLANGED,NOS,TATA,PN-VAL-003,VALVE
CPSE_B,IOCL-M-VAL-01587,CHECK VALVE 3 IN CL 150 SS316,MTR,SKF,PN-VAL-003,VALVE
CPSE_B,IOCL-M-VAL-01588,VLV CHECK 3 IN # 150 SS316 FLANGED,SET,SKF,PN-VAL-003,VALVE
CPSE_B,IOCL-M-VAL-01589,BALL VALVE 1 IN CL 800 FORGED_STEEL,KG,HAVELS,PN-VAL-004,VALVE
CPSE_B,IOCL-M-VAL-01590,VLV BALL 1 IN # 800 FORGED_STEEL SOCKET_WELD,NOS,HAVELS,PN-VAL-004,VALVE
CPSE_B,IOCL-M-VAL-01591,VALVE BALL 1 IN CLASS 800 BODY FORGED_STEEL,NOS,HAVELS,PN-VAL-004,VALVE
CPSE_B,IOCL-M-VAL-01592,FLANGED BALL VALVE 1 IN CL 800,SET,L&T,PN-VAL-004,VALVE
CPSE_B,IOCL-M-VAL-01593,VALVE BALL 1 IN CLASS 800 FORGED_STEEL SOCKET_WELD,NOS,GENERIC,PN-VAL-004,VALVE
CPSE_B,IOCL-M-VAL-01594,BALL VALVE 1 IN CL 800 FORGED_STEEL,EA,TATA,PN-VAL-004,VALVE
CPSE_B,IOCL-M-VAL-01595,VLV BALL 1 IN # 800 FORGED_STEEL SOCKET_WELD,MTR,L&T,PN-VAL-004,VALVE
CPSE_B,IOCL-M-VAL-01596,VALVE BALL 1 IN CLASS 800 BODY FORGED_STEEL,EA,HAVELS,PN-VAL-004,VALVE
CPSE_B,IOCL-M-VAL-01597,FLANGED BALL VALVE 1 IN CL 800,NOS,UNBRAKO,PN-VAL-004,VALVE
CPSE_B,IOCL-M-VAL-01598,VALVE BALL 1 IN CLASS 800 FORGED_STEEL SOCKET_WELD,SET,GENERIC,PN-VAL-004,VALVE
CPSE_B,IOCL-M-VAL-01599,BALL VALVE 1 IN CL 800 FORGED_STEEL,KG,FAG,PN-VAL-004,VALVE
CPSE_B,IOCL-M-VAL-01600,VLV BALL 1 IN # 800 FORGED_STEEL SOCKET_WELD,PC,FAG,PN-VAL-004,VALVE
CPSE_B,IOCL-M-GAS-01601,GSKT SPIRAL WOUND 4 IN CL150 SS304,SET,FAG,PN-GAS-000,GASKET
CPSE_B,IOCL-M-GAS-01602,SPIRAL WOUND GASKET 4 IN 150 # SS304,PC,FAG,PN-GAS-000,GASKET
CPSE_B,IOCL-M-GAS-01603,GASKET 4 IN 150 LB SS304,KG,GENERIC,PN-GAS-000,GASKET
CPSE_B,IOCL-M-GAS-01604,GASKET 4 IN 150 LB SS304,SET,L&T,PN-GAS-000,GASKET
CPSE_B,IOCL-M-GAS-01605,GASKET SPIRAL WOUND 4 IN CLASS 150 SS304,SET,SKF,PN-GAS-000,GASKET
CPSE_B,IOCL-M-GAS-01606,GSKT SPIRAL WOUND 4 IN CL150 SS304,PC,UNBRAKO,PN-GAS-000,GASKET
CPSE_B,IOCL-M-GAS-01607,SPIRAL WOUND GASKET 4 IN 150 # SS304,MTR,TATA,PN-GAS-000,GASKET
CPSE_B,IOCL-M-GAS-01608,GASKET 4 IN 150 LB SS304,PC,L&T,PN-GAS-000,GASKET
CPSE_B,IOCL-M-GAS-01609,GASKET 4 IN 150 LB SS304,SET,SKF,PN-GAS-000,GASKET
CPSE_B,IOCL-M-GAS-01610,GASKET SPIRAL WOUND 4 IN CLASS 150 SS304,MTR,SKF,PN-GAS-000,GASKET
CPSE_B,IOCL-M-GAS-01611,GSKT SPIRAL WOUND 4 IN CL150 SS304,MTR,L&T,PN-GAS-000,GASKET
CPSE_B,IOCL-M-GAS-01612,SPIRAL WOUND GASKET 4 IN 150 # SS304,PC,TATA,PN-GAS-000,GASKET
CPSE_B,IOCL-M-GAS-01613,GSKT SPIRAL WOUND 4 IN CL300 SS304,MTR,TATA,PN-GAS-001,GASKET
CPSE_B,IOCL-M-GAS-01614,SPIRAL WOUND GASKET 4 IN 300 # SS304,MTR,TATA,PN-GAS-001,GASKET
CPSE_B,IOCL-M-GAS-01615,GASKET 4 IN 300 LB SS304,NOS,UNBRAKO,PN-GAS-001,GASKET
CPSE_B,IOCL-M-GAS-01616,GASKET 4 IN 300 LB SS304,PC,UNBRAKO,PN-GAS-001,GASKET
CPSE_B,IOCL-M-GAS-01617,GASKET SPIRAL WOUND 4 IN CLASS 300 SS304,PC,SKF,PN-GAS-001,GASKET
CPSE_B,IOCL-M-GAS-01618,GSKT SPIRAL WOUND 4 IN CL300 SS304,KG,SKF,PN-GAS-001,GASKET
CPSE_B,IOCL-M-GAS-01619,SPIRAL WOUND GASKET 4 IN 300 # SS304,KG,L&T,PN-GAS-001,GASKET
CPSE_B,IOCL-M-GAS-01620,GASKET 4 IN 300 LB SS304,EA,TATA,PN-GAS-001,GASKET
CPSE_B,IOCL-M-GAS-01621,GASKET 4 IN 300 LB SS304,NOS,TATA,PN-GAS-001,GASKET
CPSE_B,IOCL-M-GAS-01622,GASKET SPIRAL WOUND 4 IN CLASS 300 SS304,EA,SKF,PN-GAS-001,GASKET
CPSE_B,IOCL-M-GAS-01623,GSKT SPIRAL WOUND 4 IN CL300 SS304,EA,HAVELS,PN-GAS-001,GASKET
CPSE_B,IOCL-M-GAS-01624,SPIRAL WOUND GASKET 4 IN 300 # SS304,NOS,SKF,PN-GAS-001,GASKET
CPSE_B,IOCL-M-GAS-01625,GSKT FLAT RING 2 IN CL150 CAF,NOS,HAVELS,PN-GAS-002,GASKET
CPSE_B,IOCL-M-GAS-01626,SPIRAL WOUND GASKET 2 IN 150 # CAF,EA,FAG,PN-GAS-002,GASKET
CPSE_B,IOCL-M-GAS-01627,GASKET 2 IN 150 LB CAF,SET,UNBRAKO,PN-GAS-002,GASKET
CPSE_B,IOCL-M-GAS-01628,GASKET 2 IN 150 LB CAF,SET,UNBRAKO,PN-GAS-002,GASKET
CPSE_B,IOCL-M-GAS-01629,GASKET FLAT RING 2 IN CLASS 150 CAF,PC,SKF,PN-GAS-002,GASKET
CPSE_B,IOCL-M-GAS-01630,GSKT FLAT RING 2 IN CL150 CAF,SET,TATA,PN-GAS-002,GASKET
CPSE_B,IOCL-M-GAS-01631,SPIRAL WOUND GASKET 2 IN 150 # CAF,MTR,L&T,PN-GAS-002,GASKET
CPSE_B,IOCL-M-GAS-01632,GASKET 2 IN 150 LB CAF,MTR,FAG,PN-GAS-002,GASKET
CPSE_B,IOCL-M-GAS-01633,GASKET 2 IN 150 LB CAF,EA,FAG,PN-GAS-002,GASKET
CPSE_B,IOCL-M-GAS-01634,GASKET FLAT RING 2 IN CLASS 150 CAF,PC,TATA,PN-GAS-002,GASKET
CPSE_B,IOCL-M-GAS-01635,GSKT FLAT RING 2 IN CL150 CAF,EA,UNBRAKO,PN-GAS-002,GASKET
CPSE_B,IOCL-M-GAS-01636,SPIRAL WOUND GASKET 2 IN 150 # CAF,KG,HAVELS,PN-GAS-002,GASKET
CPSE_B,IOCL-M-GAS-01637,GSKT RTJ 3 IN CL600 SS316,EA,TATA,PN-GAS-003,GASKET
CPSE_B,IOCL-M-GAS-01638,SPIRAL WOUND GASKET 3 IN 600 # SS316,PC,GENERIC,PN-GAS-003,GASKET
CPSE_B,IOCL-M-GAS-01639,GASKET 3 IN 600 LB SS316,KG,L&T,PN-GAS-003,GASKET
CPSE_B,IOCL-M-GAS-01640,GASKET 3 IN 600 LB SS316,EA,FAG,PN-GAS-003,GASKET
CPSE_B,IOCL-M-GAS-01641,GASKET RTJ 3 IN CLASS 600 SS316,EA,GENERIC,PN-GAS-003,GASKET
CPSE_B,IOCL-M-GAS-01642,GSKT RTJ 3 IN CL600 SS316,NOS,HAVELS,PN-GAS-003,GASKET
CPSE_B,IOCL-M-GAS-01643,SPIRAL WOUND GASKET 3 IN 600 # SS316,EA,L&T,PN-GAS-003,GASKET
CPSE_B,IOCL-M-GAS-01644,GASKET 3 IN 600 LB SS316,MTR,HAVELS,PN-GAS-003,GASKET
CPSE_B,IOCL-M-GAS-01645,GASKET 3 IN 600 LB SS316,PC,UNBRAKO,PN-GAS-003,GASKET
CPSE_B,IOCL-M-GAS-01646,GASKET RTJ 3 IN CLASS 600 SS316,MTR,GENERIC,PN-GAS-003,GASKET
CPSE_B,IOCL-M-GAS-01647,GSKT RTJ 3 IN CL600 SS316,EA,TATA,PN-GAS-003,GASKET
CPSE_B,IOCL-M-GAS-01648,SPIRAL WOUND GASKET 3 IN 600 # SS316,SET,UNBRAKO,PN-GAS-003,GASKET
CPSE_B,IOCL-M-GAS-01649,GSKT FULL FACE 6 IN CL150 EPDM,MTR,SKF,PN-GAS-004,GASKET
CPSE_B,IOCL-M-GAS-01650,SPIRAL WOUND GASKET 6 IN 150 # EPDM,MTR,FAG,PN-GAS-004,GASKET
CPSE_B,IOCL-M-GAS-01651,GASKET 6 IN 150 LB EPDM,NOS,GENERIC,PN-GAS-004,GASKET
CPSE_B,IOCL-M-GAS-01652,GASKET 6 IN 150 LB EPDM,NOS,FAG,PN-GAS-004,GASKET
CPSE_B,IOCL-M-GAS-01653,GASKET FULL FACE 6 IN CLASS 150 EPDM,MTR,GENERIC,PN-GAS-004,GASKET
CPSE_B,IOCL-M-GAS-01654,GSKT FULL FACE 6 IN CL150 EPDM,SET,SKF,PN-GAS-004,GASKET
CPSE_B,IOCL-M-GAS-01655,SPIRAL WOUND GASKET 6 IN 150 # EPDM,EA,SKF,PN-GAS-004,GASKET
CPSE_B,IOCL-M-GAS-01656,GASKET 6 IN 150 LB EPDM,SET,SKF,PN-GAS-004,GASKET
CPSE_B,IOCL-M-GAS-01657,GASKET 6 IN 150 LB EPDM,PC,UNBRAKO,PN-GAS-004,GASKET
CPSE_B,IOCL-M-GAS-01658,GASKET FULL FACE 6 IN CLASS 150 EPDM,SET,GENERIC,PN-GAS-004,GASKET
CPSE_B,IOCL-M-GAS-01659,GSKT FULL FACE 6 IN CL150 EPDM,PC,HAVELS,PN-GAS-004,GASKET
CPSE_B,IOCL-M-GAS-01660,SPIRAL WOUND GASKET 6 IN 150 # EPDM,MTR,HAVELS,PN-GAS-004,GASKET
CPSE_B,IOCL-M-CAB-01661,CBL 4 CORE 16 MM2 COPPER 1.1KV ARMOURED,KG,FAG,PN-CAB-000,CABLE
CPSE_B,IOCL-M-CAB-01662,CABLE 4C * 16 SQMM COPPER XLPE 1.1KV,EA,UNBRAKO,PN-CAB-000,CABLE
CPSE_B,IOCL-M-CAB-01663,POWER CABLE 4C X 16 SQMM COPPER 1.1KV,MTR,L&T,PN-CAB-000,CABLE
CPSE_B,IOCL-M-CAB-01664,POWER CABLE 4C X 16 SQMM COPPER 1.1KV,EA,UNBRAKO,PN-CAB-000,CABLE
CPSE_B,IOCL-M-CAB-01665,CABLE 4C X 16 SQMM COPPER XLPE 1.1KV ARMOURED,PC,GENERIC,PN-CAB-000,CABLE
CPSE_B,IOCL-M-CAB-01666,CBL 4 CORE 16 MM2 COPPER 1.1KV ARMOURED,EA,SKF,PN-CAB-000,CABLE
CPSE_B,IOCL-M-CAB-01667,CABLE 4C * 16 SQMM COPPER XLPE 1.1KV,MTR,L&T,PN-CAB-000,CABLE
CPSE_B,IOCL-M-CAB-01668,POWER CABLE 4C X 16 SQMM COPPER 1.1KV,PC,UNBRAKO,PN-CAB-000,CABLE
CPSE_B,IOCL-M-CAB-01669,POWER CABLE 4C X 16 SQMM COPPER 1.1KV,KG,TATA,PN-CAB-000,CABLE
CPSE_B,IOCL-M-CAB-01670,CABLE 4C X 16 SQMM COPPER XLPE 1.1KV ARMOURED,NOS,GENERIC,PN-CAB-000,CABLE
CPSE_B,IOCL-M-CAB-01671,CBL 4 CORE 16 MM2 COPPER 1.1KV ARMOURED,KG,TATA,PN-CAB-000,CABLE
CPSE_B,IOCL-M-CAB-01672,CABLE 4C * 16 SQMM COPPER XLPE 1.1KV,MTR,GENERIC,PN-CAB-000,CABLE
CPSE_B,IOCL-M-CAB-01673,CBL 3.5 CORE 16 MM2 COPPER 1.1KV ARMOURED,PC,FAG,PN-CAB-001,CABLE
CPSE_B,IOCL-M-CAB-01674,CABLE 3.5C * 16 SQMM COPPER XLPE 1.1KV,MTR,FAG,PN-CAB-001,CABLE
CPSE_B,IOCL-M-CAB-01675,POWER CABLE 3.5C X 16 SQMM COPPER 1.1KV,MTR,HAVELS,PN-CAB-001,CABLE
CPSE_B,IOCL-M-CAB-01676,POWER CABLE 3.5C X 16 SQMM COPPER 1.1KV,SET,UNBRAKO,PN-CAB-001,CABLE
CPSE_B,IOCL-M-CAB-01677,CABLE 3.5C X 16 SQMM COPPER XLPE 1.1KV ARMOURED,PC,HAVELS,PN-CAB-001,CABLE
CPSE_B,IOCL-M-CAB-01678,CBL 3.5 CORE 16 MM2 COPPER 1.1KV ARMOURED,MTR,GENERIC,PN-CAB-001,CABLE
CPSE_B,IOCL-M-CAB-01679,CABLE 3.5C * 16 SQMM COPPER XLPE 1.1KV,KG,TATA,PN-CAB-001,CABLE
CPSE_B,IOCL-M-CAB-01680,POWER CABLE 3.5C X 16 SQMM COPPER 1.1KV,SET,FAG,PN-CAB-001,CABLE
CPSE_B,IOCL-M-CAB-01681,POWER CABLE 3.5C X 16 SQMM COPPER 1.1KV,KG,HAVELS,PN-CAB-001,CABLE
CPSE_B,IOCL-M-CAB-01682,CABLE 3.5C X 16 SQMM COPPER XLPE 1.1KV ARMOURED,MTR,SKF,PN-CAB-001,CABLE
CPSE_B,IOCL-M-CAB-01683,CBL 3.5 CORE 16 MM2 COPPER 1.1KV ARMOURED,NOS,FAG,PN-CAB-001,CABLE
CPSE_B,IOCL-M-CAB-01684,CABLE 3.5C * 16 SQMM COPPER XLPE 1.1KV,KG,SKF,PN-CAB-001,CABLE
CPSE_B,IOCL-M-CAB-01685,CBL 3.5 CORE 95 MM2 ALUMINIUM 1.1KV ARMOURED,KG,GENERIC,PN-CAB-002,CABLE
CPSE_B,IOCL-M-CAB-01686,CABLE 3.5C * 95 SQMM ALUMINIUM XLPE 1.1KV,MTR,SKF,PN-CAB-002,CABLE
CPSE_B,IOCL-M-CAB-01687,POWER CABLE 3.5C X 95 SQMM ALUMINIUM 1.1KV,KG,L&T,PN-CAB-002,CABLE
CPSE_B,IOCL-M-CAB-01688,POWER CABLE 3.5C X 95 SQMM ALUMINIUM 1.1KV,MTR,UNBRAKO,PN-CAB-002,CABLE
CPSE_B,IOCL-M-CAB-01689,CABLE 3.5C X 95 SQMM ALUMINIUM XLPE 1.1KV ARMOURED,SET,UNBRAKO,PN-CAB-002,CABLE
CPSE_B,IOCL-M-CAB-01690,CBL 3.5 CORE 95 MM2 ALUMINIUM 1.1KV ARMOURED,PC,FAG,PN-CAB-002,CABLE
CPSE_B,IOCL-M-CAB-01691,CABLE 3.5C * 95 SQMM ALUMINIUM XLPE 1.1KV,KG,TATA,PN-CAB-002,CABLE
CPSE_B,IOCL-M-CAB-01692,POWER CABLE 3.5C X 95 SQMM ALUMINIUM 1.1KV,PC,HAVELS,PN-CAB-002,CABLE
CPSE_B,IOCL-M-CAB-01693,POWER CABLE 3.5C X 95 SQMM ALUMINIUM 1.1KV,EA,L&T,PN-CAB-002,CABLE
CPSE_B,IOCL-M-CAB-01694,CABLE 3.5C X 95 SQMM ALUMINIUM XLPE 1.1KV ARMOURED,MTR,FAG,PN-CAB-002,CABLE
CPSE_B,IOCL-M-CAB-01695,CBL 3.5 CORE 95 MM2 ALUMINIUM 1.1KV ARMOURED,SET,UNBRAKO,PN-CAB-002,CABLE
CPSE_B,IOCL-M-CAB-01696,CABLE 3.5C * 95 SQMM ALUMINIUM XLPE 1.1KV,PC,GENERIC,PN-CAB-002,CABLE
CPSE_B,IOCL-M-CAB-01697,CBL 2 CORE 2.5 MM2 COPPER 1.1KV UNARMOURED,KG,HAVELS,PN-CAB-003,CABLE
CPSE_B,IOCL-M-CAB-01698,CABLE 2C * 2.5 SQMM COPPER PVC 1.1KV,NOS,FAG,PN-CAB-003,CABLE
CPSE_B,IOCL-M-CAB-01699,POWER CABLE 2C X 2.5 SQMM COPPER 1.1KV,NOS,SKF,PN-CAB-003,CABLE
CPSE_B,IOCL-M-CAB-01700,POWER CABLE 2C X 2.5 SQMM COPPER 1.1KV,PC,FAG,PN-CAB-003,CABLE
CPSE_B,IOCL-M-CAB-01701,CABLE 2C X 2.5 SQMM COPPER PVC 1.1KV UNARMOURED,PC,GENERIC,PN-CAB-003,CABLE
CPSE_B,IOCL-M-CAB-01702,CBL 2 CORE 2.5 MM2 COPPER 1.1KV UNARMOURED,EA,HAVELS,PN-CAB-003,CABLE
CPSE_B,IOCL-M-CAB-01703,CABLE 2C * 2.5 SQMM COPPER PVC 1.1KV,MTR,TATA,PN-CAB-003,CABLE
CPSE_B,IOCL-M-CAB-01704,POWER CABLE 2C X 2.5 SQMM COPPER 1.1KV,MTR,L&T,PN-CAB-003,CABLE
CPSE_B,IOCL-M-CAB-01705,POWER CABLE 2C X 2.5 SQMM COPPER 1.1KV,NOS,HAVELS,PN-CAB-003,CABLE
CPSE_B,IOCL-M-CAB-01706,CABLE 2C X 2.5 SQMM COPPER PVC 1.1KV UNARMOURED,MTR,SKF,PN-CAB-003,CABLE
CPSE_B,IOCL-M-CAB-01707,CBL 2 CORE 2.5 MM2 COPPER 1.1KV UNARMOURED,PC,FAG,PN-CAB-003,CABLE
CPSE_B,IOCL-M-CAB-01708,CABLE 2C * 2.5 SQMM COPPER PVC 1.1KV,SET,GENERIC,PN-CAB-003,CABLE
CPSE_B,IOCL-M-CAB-01709,CBL 3 CORE 185 MM2 ALUMINIUM 11KV ARMOURED,NOS,GENERIC,PN-CAB-004,CABLE
CPSE_B,IOCL-M-CAB-01710,CABLE 3C * 185 SQMM ALUMINIUM XLPE 11KV,MTR,TATA,PN-CAB-004,CABLE
CPSE_B,IOCL-M-CAB-01711,POWER CABLE 3C X 185 SQMM ALUMINIUM 11KV,NOS,L&T,PN-CAB-004,CABLE
CPSE_B,IOCL-M-CAB-01712,POWER CABLE 3C X 185 SQMM ALUMINIUM 11KV,EA,UNBRAKO,PN-CAB-004,CABLE
CPSE_B,IOCL-M-CAB-01713,CABLE 3C X 185 SQMM ALUMINIUM XLPE 11KV ARMOURED,KG,FAG,PN-CAB-004,CABLE
CPSE_B,IOCL-M-CAB-01714,CBL 3 CORE 185 MM2 ALUMINIUM 11KV ARMOURED,KG,HAVELS,PN-CAB-004,CABLE
CPSE_B,IOCL-M-CAB-01715,CABLE 3C * 185 SQMM ALUMINIUM XLPE 11KV,PC,SKF,PN-CAB-004,CABLE
CPSE_B,IOCL-M-CAB-01716,POWER CABLE 3C X 185 SQMM ALUMINIUM 11KV,PC,SKF,PN-CAB-004,CABLE
CPSE_B,IOCL-M-CAB-01717,POWER CABLE 3C X 185 SQMM ALUMINIUM 11KV,NOS,GENERIC,PN-CAB-004,CABLE
CPSE_B,IOCL-M-CAB-01718,CABLE 3C X 185 SQMM ALUMINIUM XLPE 11KV ARMOURED,KG,HAVELS,PN-CAB-004,CABLE
CPSE_B,IOCL-M-CAB-01719,CBL 3 CORE 185 MM2 ALUMINIUM 11KV ARMOURED,KG,UNBRAKO,PN-CAB-004,CABLE
CPSE_B,IOCL-M-CAB-01720,CABLE 3C * 185 SQMM ALUMINIUM XLPE 11KV,SET,FAG,PN-CAB-004,CABLE
CPSE_C,ONGC-P-BOL-01721,HEX HEAD BOLT M10X50 MM SS304 GRADE 8.8,SET,HAVELS,PN-BOL-000,BOLT
CPSE_C,ONGC-P-BOL-01722,FASTENER HEX BOLT M10 * 50 SS304 CLASS 8.8,KG,HAVELS,PN-BOL-000,BOLT
CPSE_C,ONGC-P-BOL-01723,BOLT M10X50 8.8 SS304,MTR,FAG,PN-BOL-000,BOLT
CPSE_C,ONGC-P-BOL-01724,HEX BOLT M10X50 SS304 GR 8.8 IS 1363,PC,L&T,PN-BOL-000,BOLT
CPSE_C,ONGC-P-BOL-01725,BOLT HEX M10 X 50 SS304 8.8 IS 1363,NOS,FAG,PN-BOL-000,BOLT
CPSE_C,ONGC-P-BOL-01726,HEX HEAD BOLT M10X50 MM SS304 GRADE 8.8,NOS,HAVELS,PN-BOL-000,BOLT
CPSE_C,ONGC-P-BOL-01727,FASTENER HEX BOLT M10 * 50 SS304 CLASS 8.8,MTR,L&T,PN-BOL-000,BOLT
CPSE_C,ONGC-P-BOL-01728,BOLT M10X50 8.8 SS304,SET,SKF,PN-BOL-000,BOLT
CPSE_C,ONGC-P-BOL-01729,HEX BOLT M10X50 SS304 GR 8.8 IS 1363,MTR,UNBRAKO,PN-BOL-000,BOLT
CPSE_C,ONGC-P-BOL-01730,BOLT HEX M10 X 50 SS304 8.8 IS 1363,SET,GENERIC,PN-BOL-000,BOLT
CPSE_C,ONGC-P-BOL-01731,HEX HEAD BOLT M10X50 MM SS304 GRADE 8.8,PC,SKF,PN-BOL-000,BOLT
CPSE_C,ONGC-P-BOL-01732,FASTENER HEX BOLT M10 * 50 SS304 CLASS 8.8,SET,GENERIC,PN-BOL-000,BOLT
CPSE_C,ONGC-P-BOL-01733,HEX HEAD BOLT M12X60 MM SS316 GRADE 10.9,SET,UNBRAKO,PN-BOL-001,BOLT
CPSE_C,ONGC-P-BOL-01734,FASTENER HEX BOLT M12 * 60 SS316 CLASS 10.9,SET,HAVELS,PN-BOL-001,BOLT
CPSE_C,ONGC-P-BOL-01735,BOLT M12X60 10.9 SS316,NOS,L&T,PN-BOL-001,BOLT
CPSE_C,ONGC-P-BOL-01736,HEX BOLT M12X60 SS316 GR 10.9 ISO 4014,MTR,TATA,PN-BOL-001,BOLT
CPSE_C,ONGC-P-BOL-01737,BOLT HEX M12 X 60 SS316 10.9 ISO 4014,NOS,GENERIC,PN-BOL-001,BOLT
CPSE_C,ONGC-P-BOL-01738,HEX HEAD BOLT M12X60 MM SS316 GRADE 10.9,MTR,L&T,PN-BOL-001,BOLT
CPSE_C,ONGC-P-BOL-01739,FASTENER HEX BOLT M12 * 60 SS316 CLASS 10.9,NOS,GENERIC,PN-BOL-001,BOLT
CPSE_C,ONGC-P-BOL-01740,BOLT M12X60 10.9 SS316,KG,GENERIC,PN-BOL-001,BOLT
CPSE_C,ONGC-P-BOL-01741,HEX BOLT M12X60 SS316 GR 10.9 ISO 4014,NOS,TATA,PN-BOL-001,BOLT
CPSE_C,ONGC-P-BOL-01742,BOLT HEX M12 X 60 SS316 10.9 ISO 4014,MTR,TATA,PN-BOL-001,BOLT
CPSE_C,ONGC-P-BOL-01743,HEX HEAD BOLT M12X60 MM SS316 GRADE 10.9,EA,HAVELS,PN-BOL-001,BOLT
CPSE_C,ONGC-P-BOL-01744,FASTENER HEX BOLT M12 * 60 SS316 CLASS 10.9,NOS,GENERIC,PN-BOL-001,BOLT
CPSE_C,ONGC-P-BOL-01745,HEX HEAD BOLT M16X70 MM CARBON_STEEL GRADE 8.8,SET,UNBRAKO,PN-BOL-002,BOLT
CPSE_C,ONGC-P-BOL-01746,FASTENER HEX BOLT M16 * 70 CARBON_STEEL CLASS 8.8,MTR,FAG,PN-BOL-002,BOLT
CPSE_C,ONGC-P-BOL-01747,BOLT M16X70 8.8 CARBON_STEEL,NOS,FAG,PN-BOL-002,BOLT
CPSE_C,ONGC-P-BOL-01748,HEX BOLT M16X70 CARBON_STEEL GR 8.8 DIN 931,SET,FAG,PN-BOL-002,BOLT
CPSE_C,ONGC-P-BOL-01749,BOLT HEX M16 X 70 CARBON_STEEL 8.8 DIN 931,PC,SKF,PN-BOL-002,BOLT
CPSE_C,ONGC-P-BOL-01750,HEX HEAD BOLT M16X70 MM CARBON_STEEL GRADE 8.8,MTR,HAVELS,PN-BOL-002,BOLT
CPSE_C,ONGC-P-BOL-01751,FASTENER HEX BOLT M16 * 70 CARBON_STEEL CLASS 8.8,PC,HAVELS,PN-BOL-002,BOLT
CPSE_C,ONGC-P-BOL-01752,BOLT M16X70 8.8 CARBON_STEEL,EA,L&T,PN-BOL-002,BOLT
CPSE_C,ONGC-P-BOL-01753,HEX BOLT M16X70 CARBON_STEEL GR 8.8 DIN 931,MTR,L&T,PN-BOL-002,BOLT
CPSE_C,ONGC-P-BOL-01754,BOLT HEX M16 X 70 CARBON_STEEL 8.8 DIN 931,MTR,FAG,PN-BOL-002,BOLT
CPSE_C,ONGC-P-BOL-01755,HEX HEAD BOLT M16X70 MM CARBON_STEEL GRADE 8.8,SET,GENERIC,PN-BOL-002,BOLT
CPSE_C,ONGC-P-BOL-01756,FASTENER HEX BOLT M16 * 70 CARBON_STEEL CLASS 8.8,EA,UNBRAKO,PN-BOL-002,BOLT
CPSE_C,ONGC-P-BOL-01757,HEX HEAD BOLT M20X100 MM SS304 GRADE A2-70,PC,HAVELS,PN-BOL-003,BOLT
CPSE_C,ONGC-P-BOL-01758,FASTENER STUD BOLT M20 * 100 SS304 CLASS A2-70,MTR,UNBRAKO,PN-BOL-003,BOLT
CPSE_C,ONGC-P-BOL-01759,BOLT M20X100 A2-70 SS304,EA,HAVELS,PN-BOL-003,BOLT
CPSE_C,ONGC-P-BOL-01760,STUD BOLT M20X100 SS304 GR A2-70 ASME B18.31.2,KG,SKF,PN-BOL-003,BOLT
CPSE_C,ONGC-P-BOL-01761,BOLT HEX M20 X 100 SS304 A2-70 ASME B18.31.2,SET,GENERIC,PN-BOL-003,BOLT
CPSE_C,ONGC-P-BOL-01762,HEX HEAD BOLT M20X100 MM SS304 GRADE A2-70,NOS,HAVELS,PN-BOL-003,BOLT
CPSE_C,ONGC-P-BOL-01763,FASTENER STUD BOLT M20 * 100 SS304 CLASS A2-70,MTR,L&T,PN-BOL-003,BOLT
CPSE_C,ONGC-P-BOL-01764,BOLT M20X100 A2-70 SS304,SET,TATA,PN-BOL-003,BOLT
CPSE_C,ONGC-P-BOL-01765,STUD BOLT M20X100 SS304 GR A2-70 ASME B18.31.2,KG,L&T,PN-BOL-003,BOLT
CPSE_C,ONGC-P-BOL-01766,BOLT HEX M20 X 100 SS304 A2-70 ASME B18.31.2,MTR,SKF,PN-BOL-003,BOLT
CPSE_C,ONGC-P-BOL-01767,HEX HEAD BOLT M20X100 MM SS304 GRADE A2-70,PC,FAG,PN-BOL-003,BOLT
CPSE_C,ONGC-P-BOL-01768,FASTENER STUD BOLT M20 * 100 SS304 CLASS A2-70,PC,L&T,PN-BOL-003,BOLT
CPSE_C,ONGC-P-BOL-01769,HEX HEAD BOLT M8X30 MM ALLOY_STEEL GRADE 12.9,MTR,SKF,PN-BOL-004,BOLT
CPSE_C,ONGC-P-BOL-01770,FASTENER CAP SCREW M8 * 30 ALLOY_STEEL CLASS 12.9,EA,L&T,PN-BOL-004,BOLT
CPSE_C,ONGC-P-BOL-01771,BOLT M8X30 12.9 ALLOY_STEEL,MTR,L&T,PN-BOL-004,BOLT
CPSE_C,ONGC-P-BOL-01772,CAP SCREW M8X30 ALLOY_STEEL GR 12.9 DIN 912,KG,SKF,PN-BOL-004,BOLT
CPSE_C,ONGC-P-BOL-01773,BOLT HEX M8 X 30 ALLOY_STEEL 12.9 DIN 912,SET,L&T,PN-BOL-004,BOLT
CPSE_C,ONGC-P-BOL-01774,HEX HEAD BOLT M8X30 MM ALLOY_STEEL GRADE 12.9,SET,TATA,PN-BOL-004,BOLT
CPSE_C,ONGC-P-BOL-01775,FASTENER CAP SCREW M8 * 30 ALLOY_STEEL CLASS 12.9,SET,GENERIC,PN-BOL-004,BOLT
CPSE_C,ONGC-P-BOL-01776,BOLT M8X30 12.9 ALLOY_STEEL,KG,SKF,PN-BOL-004,BOLT
CPSE_C,ONGC-P-BOL-01777,CAP SCREW M8X30 ALLOY_STEEL GR 12.9 DIN 912,MTR,FAG,PN-BOL-004,BOLT
CPSE_C,ONGC-P-BOL-01778,BOLT HEX M8 X 30 ALLOY_STEEL 12.9 DIN 912,MTR,UNBRAKO,PN-BOL-004,BOLT
CPSE_C,ONGC-P-BOL-01779,HEX HEAD BOLT M8X30 MM ALLOY_STEEL GRADE 12.9,NOS,HAVELS,PN-BOL-004,BOLT
CPSE_C,ONGC-P-BOL-01780,FASTENER CAP SCREW M8 * 30 ALLOY_STEEL CLASS 12.9,EA,L&T,PN-BOL-004,BOLT
CPSE_C,ONGC-P-PIP-01781,PIPE CS 4 IN SCH_40 SEAMLESS SPEC A106_GR_B,NOS,FAG,PN-PIP-000,PIPE
CPSE_C,ONGC-P-PIP-01782,4 IN PIPE A106_GR_B SCH_40 SEAMLESS,NOS,TATA,PN-PIP-000,PIPE
CPSE_C,ONGC-P-PIP-01783,TUBING 4 IN SCH_40 A106_GR_B,EA,SKF,PN-PIP-000,PIPE
CPSE_C,ONGC-P-PIP-01784,PIPE 4 IN SCH_40 SEAMLESS A106_GR_B ASTM A106,PC,UNBRAKO,PN-PIP-000,PIPE
CPSE_C,ONGC-P-PIP-01785,SEAMLESS PIPE 4 IN SCH_40 A106_GR_B,KG,HAVELS,PN-PIP-000,PIPE
CPSE_C,ONGC-P-PIP-01786,PIPE CS 4 IN SCH_40 SEAMLESS SPEC A106_GR_B,PC,L&T,PN-PIP-000,PIPE
CPSE_C,ONGC-P-PIP-01787,4 IN PIPE A106_GR_B SCH_40 SEAMLESS,SET,FAG,PN-PIP-000,PIPE
CPSE_C,ONGC-P-PIP-01788,TUBING 4 IN SCH_40 A106_GR_B,MTR,TATA,PN-PIP-000,PIPE
CPSE_C,ONGC-P-PIP-01789,PIPE 4 IN SCH_40 SEAMLESS A106_GR_B ASTM A106,KG,TATA,PN-PIP-000,PIPE
CPSE_C,ONGC-P-PIP-01790,SEAMLESS PIPE 4 IN SCH_40 A106_GR_B,MTR,TATA,PN-PIP-000,PIPE
CPSE_C,ONGC-P-PIP-01791,PIPE CS 4 IN SCH_40 SEAMLESS SPEC A106_GR_B,MTR,UNBRAKO,PN-PIP-000,PIPE
CPSE_C,ONGC-P-PIP-01792,4 IN PIPE A106_GR_B SCH_40 SEAMLESS,KG,GENERIC,PN-PIP-000,PIPE
CPSE_C,ONGC-P-PIP-01793,PIPE CS 4 IN SCH_80 SEAMLESS SPEC A106_GR_B,MTR,GENERIC,PN-PIP-001,PIPE
CPSE_C,ONGC-P-PIP-01794,4 IN PIPE A106_GR_B SCH_80 SEAMLESS,NOS,GENERIC,PN-PIP-001,PIPE
CPSE_C,ONGC-P-PIP-01795,TUBING 4 IN SCH_80 A106_GR_B,NOS,SKF,PN-PIP-001,PIPE
CPSE_C,ONGC-P-PIP-01796,PIPE 4 IN SCH_80 SEAMLESS A106_GR_B ASTM A106,KG,L&T,PN-PIP-001,PIPE
CPSE_C,ONGC-P-PIP-01797,SEAMLESS PIPE 4 IN SCH_80 A106_GR_B,KG,HAVELS,PN-PIP-001,PIPE
CPSE_C,ONGC-P-PIP-01798,PIPE CS 4 IN SCH_80 SEAMLESS SPEC A106_GR_B,PC,FAG,PN-PIP-001,PIPE
CPSE_C,ONGC-P-PIP-01799,4 IN PIPE A106_GR_B SCH_80 SEAMLESS,MTR,SKF,PN-PIP-001,PIPE
CPSE_C,ONGC-P-PIP-01800,TUBING 4 IN SCH_80 A106_GR_B,PC,TATA,PN-PIP-001,PIPE
CPSE_C,ONGC-P-PIP-01801,PIPE 4 IN SCH_80 SEAMLESS A106_GR_B ASTM A106,EA,HAVELS,PN-PIP-001,PIPE
CPSE_C,ONGC-P-PIP-01802,SEAMLESS PIPE 4 IN SCH_80 A106_GR_B,PC,GENERIC,PN-PIP-001,PIPE
CPSE_C,ONGC-P-PIP-01803,PIPE CS 4 IN SCH_80 SEAMLESS SPEC A106_GR_B,KG,L&T,PN-PIP-001,PIPE
CPSE_C,ONGC-P-PIP-01804,4 IN PIPE A106_GR_B SCH_80 SEAMLESS,EA,SKF,PN-PIP-001,PIPE
CPSE_C,ONGC-P-PIP-01805,PIPE CS 2 IN SCH_40 ERW SPEC A53_GR_B,MTR,HAVELS,PN-PIP-002,PIPE
CPSE_C,ONGC-P-PIP-01806,2 IN PIPE A53_GR_B SCH_40 ERW,EA,UNBRAKO,PN-PIP-002,PIPE
CPSE_C,ONGC-P-PIP-01807,TUBING 2 IN SCH_40 A53_GR_B,KG,GENERIC,PN-PIP-002,PIPE
CPSE_C,ONGC-P-PIP-01808,PIPE 2 IN SCH_40 ERW A53_GR_B ASTM A53,KG,GENERIC,PN-PIP-002,PIPE
CPSE_C,ONGC-P-PIP-01809,SEAMLESS PIPE 2 IN SCH_40 A53_GR_B,NOS,FAG,PN-PIP-002,PIPE
CPSE_C,ONGC-P-PIP-01810,PIPE CS 2 IN SCH_40 ERW SPEC A53_GR_B,MTR,TATA,PN-PIP-002,PIPE
CPSE_C,ONGC-P-PIP-01811,2 IN PIPE A53_GR_B SCH_40 ERW,PC,UNBRAKO,PN-PIP-002,PIPE
CPSE_C,ONGC-P-PIP-01812,TUBING 2 IN SCH_40 A53_GR_B,PC,SKF,PN-PIP-002,PIPE
CPSE_C,ONGC-P-PIP-01813,PIPE 2 IN SCH_40 ERW A53_GR_B ASTM A53,SET,FAG,PN-PIP-002,PIPE
CPSE_C,ONGC-P-PIP-01814,SEAMLESS PIPE 2 IN SCH_40 A53_GR_B,NOS,HAVELS,PN-PIP-002,PIPE
CPSE_C,ONGC-P-PIP-01815,PIPE CS 2 IN SCH_40 ERW SPEC A53_GR_B,MTR,L&T,PN-PIP-002,PIPE
CPSE_C,ONGC-P-PIP-01816,2 IN PIPE A53_GR_B SCH_40 ERW,KG,GENERIC,PN-PIP-002,PIPE
CPSE_C,ONGC-P-PIP-01817,PIPE CS 6 IN SCH_80 SEAMLESS SPEC API_5L_X52,MTR,FAG,PN-PIP-003,PIPE
CPSE_C,ONGC-P-PIP-01818,6 IN PIPE API_5L_X52 SCH_80 SEAMLESS,MTR,UNBRAKO,PN-PIP-003,PIPE
CPSE_C,ONGC-P-PIP-01819,TUBING 6 IN SCH_80 API_5L_X52,EA,UNBRAKO,PN-PIP-003,PIPE
CPSE_C,ONGC-P-PIP-01820,PIPE 6 IN SCH_80 SEAMLESS API_5L_X52 API 5L,EA,TATA,PN-PIP-003,PIPE
CPSE_C,ONGC-P-PIP-01821,SEAMLESS PIPE 6 IN SCH_80 API_5L_X52,PC,HAVELS,PN-PIP-003,PIPE
CPSE_C,ONGC-P-PIP-01822,PIPE CS 6 IN SCH_80 SEAMLESS SPEC API_5L_X52,MTR,TATA,PN-PIP-003,PIPE
CPSE_C,ONGC-P-PIP-01823,6 IN PIPE API_5L_X52 SCH_80 SEAMLESS,NOS,TATA,PN-PIP-003,PIPE
CPSE_C,ONGC-P-PIP-01824,TUBING 6 IN SCH_80 API_5L_X52,NOS,L&T,PN-PIP-003,PIPE
CPSE_C,ONGC-P-PIP-01825,PIPE 6 IN SCH_80 SEAMLESS API_5L_X52 API 5L,MTR,FAG,PN-PIP-003,PIPE
CPSE_C,ONGC-P-PIP-01826,SEAMLESS PIPE 6 IN SCH_80 API_5L_X52,NOS,TATA,PN-PIP-003,PIPE
CPSE_C,ONGC-P-PIP-01827,PIPE CS 6 IN SCH_80 SEAMLESS SPEC API_5L_X52,EA,GENERIC,PN-PIP-003,PIPE
CPSE_C,ONGC-P-PIP-01828,6 IN PIPE API_5L_X52 SCH_80 SEAMLESS,PC,TATA,PN-PIP-003,PIPE
CPSE_C,ONGC-P-PIP-01829,PIPE CS 3 IN SCH_10S SEAMLESS SPEC SS304,NOS,TATA,PN-PIP-004,PIPE
CPSE_C,ONGC-P-PIP-01830,3 IN PIPE SS304 SCH_10S SEAMLESS,EA,L&T,PN-PIP-004,PIPE
CPSE_C,ONGC-P-PIP-01831,TUBING 3 IN SCH_10S SS304,MTR,UNBRAKO,PN-PIP-004,PIPE
CPSE_C,ONGC-P-PIP-01832,PIPE 3 IN SCH_10S SEAMLESS SS304 ASTM A312,MTR,GENERIC,PN-PIP-004,PIPE
CPSE_C,ONGC-P-PIP-01833,SEAMLESS PIPE 3 IN SCH_10S SS304,NOS,GENERIC,PN-PIP-004,PIPE
CPSE_C,ONGC-P-PIP-01834,PIPE CS 3 IN SCH_10S SEAMLESS SPEC SS304,PC,GENERIC,PN-PIP-004,PIPE
CPSE_C,ONGC-P-PIP-01835,3 IN PIPE SS304 SCH_10S SEAMLESS,SET,GENERIC,PN-PIP-004,PIPE
CPSE_C,ONGC-P-PIP-01836,TUBING 3 IN SCH_10S SS304,EA,SKF,PN-PIP-004,PIPE
CPSE_C,ONGC-P-PIP-01837,PIPE 3 IN SCH_10S SEAMLESS SS304 ASTM A312,MTR,L&T,PN-PIP-004,PIPE
CPSE_C,ONGC-P-PIP-01838,SEAMLESS PIPE 3 IN SCH_10S SS304,MTR,L&T,PN-PIP-004,PIPE
CPSE_C,ONGC-P-PIP-01839,PIPE CS 3 IN SCH_10S SEAMLESS SPEC SS304,KG,GENERIC,PN-PIP-004,PIPE
CPSE_C,ONGC-P-PIP-01840,3 IN PIPE SS304 SCH_10S SEAMLESS,SET,HAVELS,PN-PIP-004,PIPE
CPSE_C,ONGC-P-BEA-01841,BALL BEARING 6205 2RS C3,MTR,SKF,PN-BEA-000,BEARING
CPSE_C,ONGC-P-BEA-01842,BEARING 6205 2RS CLEARANCE C3,MTR,GENERIC,PN-BEA-000,BEARING
CPSE_C,ONGC-P-BEA-01843,BRG 6205 2RS (25* 52* 15),MTR,FAG,PN-BEA-000,BEARING
CPSE_C,ONGC-P-BEA-01844,BEARING 6205-2RS C3 (25X52X15 MM),KG,TATA,PN-BEA-000,BEARING
CPSE_C,ONGC-P-BEA-01845,BRG DEEP GROOVE BALL 6205 2RS,KG,TATA,PN-BEA-000,BEARING
CPSE_C,ONGC-P-BEA-01846,BALL BEARING 6205 2RS C3,MTR,L&T,PN-BEA-000,BEARING
CPSE_C,ONGC-P-BEA-01847,BEARING 6205 2RS CLEARANCE C3,KG,UNBRAKO,PN-BEA-000,BEARING
CPSE_C,ONGC-P-BEA-01848,BRG 6205 2RS (25* 52* 15),NOS,UNBRAKO,PN-BEA-000,BEARING
CPSE_C,ONGC-P-BEA-01849,BEARING 6205-2RS C3 (25X52X15 MM),KG,FAG,PN-BEA-000,BEARING
CPSE_C,ONGC-P-BEA-01850,BRG DEEP GROOVE BALL 6205 2RS,KG,L&T,PN-BEA-000,BEARING
CPSE_C,ONGC-P-BEA-01851,BALL BEARING 6205 2RS C3,NOS,TATA,PN-BEA-000,BEARING
CPSE_C,ONGC-P-BEA-01852,BEARING 6205 2RS CLEARANCE C3,NOS,GENERIC,PN-BEA-000,BEARING
CPSE_C,ONGC-P-BEA-01853,BALL BEARING 6205 ZZ C3,KG,UNBRAKO,PN-BEA-001,BEARING
CPSE_C,ONGC-P-BEA-01854,BEARING 6205 ZZ CLEARANCE C3,PC,GENERIC,PN-BEA-001,BEARING
CPSE_C,ONGC-P-BEA-01855,BRG 6205 ZZ (25* 52* 15),EA,L&T,PN-BEA-001,BEARING
CPSE_C,ONGC-P-BEA-01856,BEARING 6205-ZZ C3 (25X52X15 MM),PC,HAVELS,PN-BEA-001,BEARING
CPSE_C,ONGC-P-BEA-01857,BRG DEEP GROOVE BALL 6205 ZZ,PC,TATA,PN-BEA-001,BEARING
CPSE_C,ONGC-P-BEA-01858,BALL BEARING 6205 ZZ C3,MTR,UNBRAKO,PN-BEA-001,BEARING
CPSE_C,ONGC-P-BEA-01859,BEARING 6205 ZZ CLEARANCE C3,MTR,UNBRAKO,PN-BEA-001,BEARING
CPSE_C,ONGC-P-BEA-01860,BRG 6205 ZZ (25* 52* 15),PC,L&T,PN-BEA-001,BEARING
CPSE_C,ONGC-P-BEA-01861,BEARING 6205-ZZ C3 (25X52X15 MM),SET,L&T,PN-BEA-001,BEARING
CPSE_C,ONGC-P-BEA-01862,BRG DEEP GROOVE BALL 6205 ZZ,KG,FAG,PN-BEA-001,BEARING
CPSE_C,ONGC-P-BEA-01863,BALL BEARING 6205 ZZ C3,PC,UNBRAKO,PN-BEA-001,BEARING
CPSE_C,ONGC-P-BEA-01864,BEARING 6205 ZZ CLEARANCE C3,SET,SKF,PN-BEA-001,BEARING
CPSE_C,ONGC-P-BEA-01865,BALL BEARING 6308 OPEN CN,PC,UNBRAKO,PN-BEA-002,BEARING
CPSE_C,ONGC-P-BEA-01866,BEARING 6308 OPEN CLEARANCE CN,EA,FAG,PN-BEA-002,BEARING
CPSE_C,ONGC-P-BEA-01867,BRG 6308 OPEN (40* 90* 23),KG,HAVELS,PN-BEA-002,BEARING
CPSE_C,ONGC-P-BEA-01868,BEARING 6308-OPEN CN (40X90X23 MM),EA,HAVELS,PN-BEA-002,BEARING
CPSE_C,ONGC-P-BEA-01869,BRG DEEP GROOVE BALL 6308 OPEN,EA,GENERIC,PN-BEA-002,BEARING
CPSE_C,ONGC-P-BEA-01870,BALL BEARING 6308 OPEN CN,NOS,UNBRAKO,PN-BEA-002,BEARING
CPSE_C,ONGC-P-BEA-01871,BEARING 6308 OPEN CLEARANCE CN,NOS,GENERIC,PN-BEA-002,BEARING
CPSE_C,ONGC-P-BEA-01872,BRG 6308 OPEN (40* 90* 23),PC,FAG,PN-BEA-002,BEARING
CPSE_C,ONGC-P-BEA-01873,BEARING 6308-OPEN CN (40X90X23 MM),EA,GENERIC,PN-BEA-002,BEARING
CPSE_C,ONGC-P-BEA-01874,BRG DEEP GROOVE BALL 6308 OPEN,SET,L&T,PN-BEA-002,BEARING
CPSE_C,ONGC-P-BEA-01875,BALL BEARING 6308 OPEN CN,SET,UNBRAKO,PN-BEA-002,BEARING
CPSE_C,ONGC-P-BEA-01876,BEARING 6308 OPEN CLEARANCE CN,NOS,HAVELS,PN-BEA-002,BEARING
CPSE_C,ONGC-P-BEA-01877,BALL BEARING 30205 OPEN CN,PC,L&T,PN-BEA-003,BEARING
CPSE_C,ONGC-P-BEA-01878,BEARING 30205 OPEN CLEARANCE CN,EA,SKF,PN-BEA-003,BEARING
CPSE_C,ONGC-P-BEA-01879,BRG 30205 OPEN (25* 52* 16.25),SET,FAG,PN-BEA-003,BEARING
CPSE_C,ONGC-P-BEA-01880,BEARING 30205-OPEN CN (25X52X16.25 MM),PC,FAG,PN-BEA-003,BEARING
CPSE_C,ONGC-P-BEA-01881,BRG DEEP GROOVE BALL 30205 OPEN,KG,SKF,PN-BEA-003,BEARING
CPSE_C,ONGC-P-BEA-01882,BALL BEARING 30205 OPEN CN,EA,TATA,PN-BEA-003,BEARING
CPSE_C,ONGC-P-BEA-01883,BEARING 30205 OPEN CLEARANCE CN,EA,FAG,PN-BEA-003,BEARING
CPSE_C,ONGC-P-BEA-01884,BRG 30205 OPEN (25* 52* 16.25),SET,SKF,PN-BEA-003,BEARING
CPSE_C,ONGC-P-BEA-01885,BEARING 30205-OPEN CN (25X52X16.25 MM),NOS,HAVELS,PN-BEA-003,BEARING
CPSE_C,ONGC-P-BEA-01886,BRG DEEP GROOVE BALL 30205 OPEN,KG,UNBRAKO,PN-BEA-003,BEARING
CPSE_C,ONGC-P-BEA-01887,BALL BEARING 30205 OPEN CN,PC,L&T,PN-BEA-003,BEARING
CPSE_C,ONGC-P-BEA-01888,BEARING 30205 OPEN CLEARANCE CN,SET,UNBRAKO,PN-BEA-003,BEARING
CPSE_C,ONGC-P-BEA-01889,BALL BEARING 22210 OPEN C3,MTR,HAVELS,PN-BEA-004,BEARING
CPSE_C,ONGC-P-BEA-01890,BEARING 22210 OPEN CLEARANCE C3,PC,HAVELS,PN-BEA-004,BEARING
CPSE_C,ONGC-P-BEA-01891,BRG 22210 OPEN (50* 90* 23),MTR,SKF,PN-BEA-004,BEARING
CPSE_C,ONGC-P-BEA-01892,BEARING 22210-OPEN C3 (50X90X23 MM),SET,HAVELS,PN-BEA-004,BEARING
CPSE_C,ONGC-P-BEA-01893,BRG DEEP GROOVE BALL 22210 OPEN,EA,SKF,PN-BEA-004,BEARING
CPSE_C,ONGC-P-BEA-01894,BALL BEARING 22210 OPEN C3,MTR,HAVELS,PN-BEA-004,BEARING
CPSE_C,ONGC-P-BEA-01895,BEARING 22210 OPEN CLEARANCE C3,MTR,FAG,PN-BEA-004,BEARING
CPSE_C,ONGC-P-BEA-01896,BRG 22210 OPEN (50* 90* 23),KG,TATA,PN-BEA-004,BEARING
CPSE_C,ONGC-P-BEA-01897,BEARING 22210-OPEN C3 (50X90X23 MM),SET,UNBRAKO,PN-BEA-004,BEARING
CPSE_C,ONGC-P-BEA-01898,BRG DEEP GROOVE BALL 22210 OPEN,NOS,GENERIC,PN-BEA-004,BEARING
CPSE_C,ONGC-P-BEA-01899,BALL BEARING 22210 OPEN C3,MTR,TATA,PN-BEA-004,BEARING
CPSE_C,ONGC-P-BEA-01900,BEARING 22210 OPEN CLEARANCE C3,EA,HAVELS,PN-BEA-004,BEARING
CPSE_C,ONGC-P-VAL-01901,VLV GATE 4 IN # 150 SS304 FLANGED,EA,UNBRAKO,PN-VAL-000,VALVE
CPSE_C,ONGC-P-VAL-01902,VALVE GATE 4 IN CLASS 150 BODY SS304,SET,GENERIC,PN-VAL-000,VALVE
CPSE_C,ONGC-P-VAL-01903,FLANGED GATE VALVE 4 IN CL 150,EA,HAVELS,PN-VAL-000,VALVE
CPSE_C,ONGC-P-VAL-01904,VALVE GATE 4 IN CLASS 150 SS304 FLANGED,SET,L&T,PN-VAL-000,VALVE
CPSE_C,ONGC-P-VAL-01905,GATE VALVE 4 IN CL 150 SS304,SET,L&T,PN-VAL-000,VALVE
CPSE_C,ONGC-P-VAL-01906,VLV GATE 4 IN # 150 SS304 FLANGED,PC,FAG,PN-VAL-000,VALVE
CPSE_C,ONGC-P-VAL-01907,VALVE GATE 4 IN CLASS 150 BODY SS304,MTR,GENERIC,PN-VAL-000,VALVE
CPSE_C,ONGC-P-VAL-01908,FLANGED GATE VALVE 4 IN CL 150,SET,L&T,PN-VAL-000,VALVE
CPSE_C,ONGC-P-VAL-01909,VALVE GATE 4 IN CLASS 150 SS304 FLANGED,NOS,GENERIC,PN-VAL-000,VALVE
CPSE_C,ONGC-P-VAL-01910,GATE VALVE 4 IN CL 150 SS304,MTR,SKF,PN-VAL-000,VALVE
CPSE_C,ONGC-P-VAL-01911,VLV GATE 4 IN # 150 SS304 FLANGED,EA,TATA,PN-VAL-000,VALVE
CPSE_C,ONGC-P-VAL-01912,VALVE GATE 4 IN CLASS 150 BODY SS304,PC,UNBRAKO,PN-VAL-000,VALVE
CPSE_C,ONGC-P-VAL-01913,VLV GATE 4 IN # 300 SS304 FLANGED,PC,HAVELS,PN-VAL-001,VALVE
CPSE_C,ONGC-P-VAL-01914,VALVE GATE 4 IN CLASS 300 BODY SS304,NOS,TATA,PN-VAL-001,VALVE
CPSE_C,ONGC-P-VAL-01915,FLANGED GATE VALVE 4 IN CL 300,PC,HAVELS,PN-VAL-001,VALVE
CPSE_C,ONGC-P-VAL-01916,VALVE GATE 4 IN CLASS 300 SS304 FLANGED,EA,UNBRAKO,PN-VAL-001,VALVE
CPSE_C,ONGC-P-VAL-01917,GATE VALVE 4 IN CL 300 SS304,PC,SKF,PN-VAL-001,VALVE
CPSE_C,ONGC-P-VAL-01918,VLV GATE 4 IN # 300 SS304 FLANGED,NOS,TATA,PN-VAL-001,VALVE
CPSE_C,ONGC-P-VAL-01919,VALVE GATE 4 IN CLASS 300 BODY SS304,PC,GENERIC,PN-VAL-001,VALVE
CPSE_C,ONGC-P-VAL-01920,FLANGED GATE VALVE 4 IN CL 300,PC,UNBRAKO,PN-VAL-001,VALVE
CPSE_C,ONGC-P-VAL-01921,VALVE GATE 4 IN CLASS 300 SS304 FLANGED,SET,UNBRAKO,PN-VAL-001,VALVE
CPSE_C,ONGC-P-VAL-01922,GATE VALVE 4 IN CL 300 SS304,SET,GENERIC,PN-VAL-001,VALVE
CPSE_C,ONGC-P-VAL-01923,VLV GATE 4 IN # 300 SS304 FLANGED,EA,HAVELS,PN-VAL-001,VALVE
CPSE_C,ONGC-P-VAL-01924,VALVE GATE 4 IN CLASS 300 BODY SS304,MTR,HAVELS,PN-VAL-001,VALVE
CPSE_C,ONGC-P-VAL-01925,VLV GLOBE 2 IN # 300 CARBON_STEEL FLANGED,PC,TATA,PN-VAL-002,VALVE
CPSE_C,ONGC-P-VAL-01926,VALVE GLOBE 2 IN CLASS 300 BODY CARBON_STEEL,NOS,SKF,PN-VAL-002,VALVE
CPSE_C,ONGC-P-VAL-01927,FLANGED GLOBE VALVE 2 IN CL 300,NOS,GENERIC,PN-VAL-002,VALVE
CPSE_C,ONGC-P-VAL-01928,VALVE GLOBE 2 IN CLASS 300 CARBON_STEEL FLANGED,PC,UNBRAKO,PN-VAL-002,VALVE
CPSE_C,ONGC-P-VAL-01929,GLOBE VALVE 2 IN CL 300 CARBON_STEEL,EA,UNBRAKO,PN-VAL-002,VALVE
CPSE_C,ONGC-P-VAL-01930,VLV GLOBE 2 IN # 300 CARBON_STEEL FLANGED,PC,GENERIC,PN-VAL-002,VALVE
CPSE_C,ONGC-P-VAL-01931,VALVE GLOBE 2 IN CLASS 300 BODY CARBON_STEEL,KG,L&T,PN-VAL-002,VALVE
CPSE_C,ONGC-P-VAL-01932,FLANGED GLOBE VALVE 2 IN CL 300,KG,TATA,PN-VAL-002,VALVE
CPSE_C,ONGC-P-VAL-01933,VALVE GLOBE 2 IN CLASS 300 CARBON_STEEL FLANGED,EA,SKF,PN-VAL-002,VALVE
CPSE_C,ONGC-P-VAL-01934,GLOBE VALVE 2 IN CL 300 CARBON_STEEL,NOS,HAVELS,PN-VAL-002,VALVE
CPSE_C,ONGC-P-VAL-01935,VLV GLOBE 2 IN # 300 CARBON_STEEL FLANGED,SET,HAVELS,PN-VAL-002,VALVE
CPSE_C,ONGC-P-VAL-01936,VALVE GLOBE 2 IN CLASS 300 BODY CARBON_STEEL,EA,L&T,PN-VAL-002,VALVE
CPSE_C,ONGC-P-VAL-01937,VLV CHECK 3 IN # 150 SS316 FLANGED,PC,GENERIC,PN-VAL-003,VALVE
CPSE_C,ONGC-P-VAL-01938,VALVE CHECK 3 IN CLASS 150 BODY SS316,MTR,TATA,PN-VAL-003,VALVE
CPSE_C,ONGC-P-VAL-01939,FLANGED CHECK VALVE 3 IN CL 150,SET,UNBRAKO,PN-VAL-003,VALVE
CPSE_C,ONGC-P-VAL-01940,VALVE CHECK 3 IN CLASS 150 SS316 FLANGED,NOS,L&T,PN-VAL-003,VALVE
CPSE_C,ONGC-P-VAL-01941,CHECK VALVE 3 IN CL 150 SS316,KG,L&T,PN-VAL-003,VALVE
CPSE_C,ONGC-P-VAL-01942,VLV CHECK 3 IN # 150 SS316 FLANGED,MTR,TATA,PN-VAL-003,VALVE
CPSE_C,ONGC-P-VAL-01943,VALVE CHECK 3 IN CLASS 150 BODY SS316,NOS,UNBRAKO,PN-VAL-003,VALVE
CPSE_C,ONGC-P-VAL-01944,FLANGED CHECK VALVE 3 IN CL 150,EA,GENERIC,PN-VAL-003,VALVE
CPSE_C,ONGC-P-VAL-01945,VALVE CHECK 3 IN CLASS 150 SS316 FLANGED,NOS,UNBRAKO,PN-VAL-003,VALVE
CPSE_C,ONGC-P-VAL-01946,CHECK VALVE 3 IN CL 150 SS316,MTR,HAVELS,PN-VAL-003,VALVE
CPSE_C,ONGC-P-VAL-01947,VLV CHECK 3 IN # 150 SS316 FLANGED,MTR,HAVELS,PN-VAL-003,VALVE
CPSE_C,ONGC-P-VAL-01948,VALVE CHECK 3 IN CLASS 150 BODY SS316,SET,GENERIC,PN-VAL-003,VALVE
CPSE_C,ONGC-P-VAL-01949,VLV BALL 1 IN # 800 FORGED_STEEL SOCKET_WELD,PC,GENERIC,PN-VAL-004,VALVE
CPSE_C,ONGC-P-VAL-01950,VALVE BALL 1 IN CLASS 800 BODY FORGED_STEEL,KG,UNBRAKO,PN-VAL-004,VALVE
CPSE_C,ONGC-P-VAL-01951,FLANGED BALL VALVE 1 IN CL 800,NOS,UNBRAKO,PN-VAL-004,VALVE
CPSE_C,ONGC-P-VAL-01952,VALVE BALL 1 IN CLASS 800 FORGED_STEEL SOCKET_WELD,EA,L&T,PN-VAL-004,VALVE
CPSE_C,ONGC-P-VAL-01953,BALL VALVE 1 IN CL 800 FORGED_STEEL,KG,L&T,PN-VAL-004,VALVE
CPSE_C,ONGC-P-VAL-01954,VLV BALL 1 IN # 800 FORGED_STEEL SOCKET_WELD,KG,HAVELS,PN-VAL-004,VALVE
CPSE_C,ONGC-P-VAL-01955,VALVE BALL 1 IN CLASS 800 BODY FORGED_STEEL,MTR,FAG,PN-VAL-004,VALVE
CPSE_C,ONGC-P-VAL-01956,FLANGED BALL VALVE 1 IN CL 800,PC,SKF,PN-VAL-004,VALVE
CPSE_C,ONGC-P-VAL-01957,VALVE BALL 1 IN CLASS 800 FORGED_STEEL SOCKET_WELD,KG,FAG,PN-VAL-004,VALVE
CPSE_C,ONGC-P-VAL-01958,BALL VALVE 1 IN CL 800 FORGED_STEEL,MTR,TATA,PN-VAL-004,VALVE
CPSE_C,ONGC-P-VAL-01959,VLV BALL 1 IN # 800 FORGED_STEEL SOCKET_WELD,SET,FAG,PN-VAL-004,VALVE
CPSE_C,ONGC-P-VAL-01960,VALVE BALL 1 IN CLASS 800 BODY FORGED_STEEL,MTR,UNBRAKO,PN-VAL-004,VALVE
CPSE_C,ONGC-P-GAS-01961,SPIRAL WOUND GASKET 4 IN 150 # SS304,EA,TATA,PN-GAS-000,GASKET
CPSE_C,ONGC-P-GAS-01962,GASKET 4 IN 150 LB SS304,MTR,L&T,PN-GAS-000,GASKET
CPSE_C,ONGC-P-GAS-01963,GASKET 4 IN 150 LB SS304,NOS,FAG,PN-GAS-000,GASKET
CPSE_C,ONGC-P-GAS-01964,GASKET SPIRAL WOUND 4 IN CLASS 150 SS304,MTR,TATA,PN-GAS-000,GASKET
CPSE_C,ONGC-P-GAS-01965,GSKT SPIRAL WOUND 4 IN CL150 SS304,SET,L&T,PN-GAS-000,GASKET
CPSE_C,ONGC-P-GAS-01966,SPIRAL WOUND GASKET 4 IN 150 # SS304,EA,FAG,PN-GAS-000,GASKET
CPSE_C,ONGC-P-GAS-01967,GASKET 4 IN 150 LB SS304,NOS,HAVELS,PN-GAS-000,GASKET
CPSE_C,ONGC-P-GAS-01968,GASKET 4 IN 150 LB SS304,PC,SKF,PN-GAS-000,GASKET
CPSE_C,ONGC-P-GAS-01969,GASKET SPIRAL WOUND 4 IN CLASS 150 SS304,EA,HAVELS,PN-GAS-000,GASKET
CPSE_C,ONGC-P-GAS-01970,GSKT SPIRAL WOUND 4 IN CL150 SS304,NOS,SKF,PN-GAS-000,GASKET
CPSE_C,ONGC-P-GAS-01971,SPIRAL WOUND GASKET 4 IN 150 # SS304,EA,SKF,PN-GAS-000,GASKET
CPSE_C,ONGC-P-GAS-01972,GASKET 4 IN 150 LB SS304,KG,HAVELS,PN-GAS-000,GASKET
CPSE_C,ONGC-P-GAS-01973,SPIRAL WOUND GASKET 4 IN 300 # SS304,EA,FAG,PN-GAS-001,GASKET
CPSE_C,ONGC-P-GAS-01974,GASKET 4 IN 300 LB SS304,PC,UNBRAKO,PN-GAS-001,GASKET
CPSE_C,ONGC-P-GAS-01975,GASKET 4 IN 300 LB SS304,PC,UNBRAKO,PN-GAS-001,GASKET
CPSE_C,ONGC-P-GAS-01976,GASKET SPIRAL WOUND 4 IN CLASS 300 SS304,SET,L&T,PN-GAS-001,GASKET
CPSE_C,ONGC-P-GAS-01977,GSKT SPIRAL WOUND 4 IN CL300 SS304,MTR,HAVELS,PN-GAS-001,GASKET
CPSE_C,ONGC-P-GAS-01978,SPIRAL WOUND GASKET 4 IN 300 # SS304,SET,SKF,PN-GAS-001,GASKET
CPSE_C,ONGC-P-GAS-01979,GASKET 4 IN 300 LB SS304,KG,FAG,PN-GAS-001,GASKET
CPSE_C,ONGC-P-GAS-01980,GASKET 4 IN 300 LB SS304,PC,L&T,PN-GAS-001,GASKET
CPSE_C,ONGC-P-GAS-01981,GASKET SPIRAL WOUND 4 IN CLASS 300 SS304,MTR,GENERIC,PN-GAS-001,GASKET
CPSE_C,ONGC-P-GAS-01982,GSKT SPIRAL WOUND 4 IN CL300 SS304,NOS,GENERIC,PN-GAS-001,GASKET
CPSE_C,ONGC-P-GAS-01983,SPIRAL WOUND GASKET 4 IN 300 # SS304,NOS,HAVELS,PN-GAS-001,GASKET
CPSE_C,ONGC-P-GAS-01984,GASKET 4 IN 300 LB SS304,PC,HAVELS,PN-GAS-001,GASKET
CPSE_C,ONGC-P-GAS-01985,SPIRAL WOUND GASKET 2 IN 150 # CAF,NOS,SKF,PN-GAS-002,GASKET
CPSE_C,ONGC-P-GAS-01986,GASKET 2 IN 150 LB CAF,MTR,L&T,PN-GAS-002,GASKET
CPSE_C,ONGC-P-GAS-01987,GASKET 2 IN 150 LB CAF,KG,HAVELS,PN-GAS-002,GASKET
CPSE_C,ONGC-P-GAS-01988,GASKET FLAT RING 2 IN CLASS 150 CAF,PC,TATA,PN-GAS-002,GASKET
CPSE_C,ONGC-P-GAS-01989,GSKT FLAT RING 2 IN CL150 CAF,SET,HAVELS,PN-GAS-002,GASKET
CPSE_C,ONGC-P-GAS-01990,SPIRAL WOUND GASKET 2 IN 150 # CAF,KG,GENERIC,PN-GAS-002,GASKET
CPSE_C,ONGC-P-GAS-01991,GASKET 2 IN 150 LB CAF,PC,GENERIC,PN-GAS-002,GASKET
CPSE_C,ONGC-P-GAS-01992,GASKET 2 IN 150 LB CAF,MTR,HAVELS,PN-GAS-002,GASKET
CPSE_C,ONGC-P-GAS-01993,GASKET FLAT RING 2 IN CLASS 150 CAF,NOS,TATA,PN-GAS-002,GASKET
CPSE_C,ONGC-P-GAS-01994,GSKT FLAT RING 2 IN CL150 CAF,NOS,TATA,PN-GAS-002,GASKET
CPSE_C,ONGC-P-GAS-01995,SPIRAL WOUND GASKET 2 IN 150 # CAF,SET,HAVELS,PN-GAS-002,GASKET
CPSE_C,ONGC-P-GAS-01996,GASKET 2 IN 150 LB CAF,KG,SKF,PN-GAS-002,GASKET
CPSE_C,ONGC-P-GAS-01997,SPIRAL WOUND GASKET 3 IN 600 # SS316,KG,SKF,PN-GAS-003,GASKET
CPSE_C,ONGC-P-GAS-01998,GASKET 3 IN 600 LB SS316,EA,TATA,PN-GAS-003,GASKET
CPSE_C,ONGC-P-GAS-01999,GASKET 3 IN 600 LB SS316,KG,FAG,PN-GAS-003,GASKET
CPSE_C,ONGC-P-GAS-02000,GASKET RTJ 3 IN CLASS 600 SS316,MTR,TATA,PN-GAS-003,GASKET
CPSE_C,ONGC-P-GAS-02001,GSKT RTJ 3 IN CL600 SS316,MTR,TATA,PN-GAS-003,GASKET
CPSE_C,ONGC-P-GAS-02002,SPIRAL WOUND GASKET 3 IN 600 # SS316,EA,SKF,PN-GAS-003,GASKET
CPSE_C,ONGC-P-GAS-02003,GASKET 3 IN 600 LB SS316,EA,HAVELS,PN-GAS-003,GASKET
CPSE_C,ONGC-P-GAS-02004,GASKET 3 IN 600 LB SS316,MTR,L&T,PN-GAS-003,GASKET
CPSE_C,ONGC-P-GAS-02005,GASKET RTJ 3 IN CLASS 600 SS316,EA,HAVELS,PN-GAS-003,GASKET
CPSE_C,ONGC-P-GAS-02006,GSKT RTJ 3 IN CL600 SS316,PC,FAG,PN-GAS-003,GASKET
CPSE_C,ONGC-P-GAS-02007,SPIRAL WOUND GASKET 3 IN 600 # SS316,NOS,TATA,PN-GAS-003,GASKET
CPSE_C,ONGC-P-GAS-02008,GASKET 3 IN 600 LB SS316,EA,HAVELS,PN-GAS-003,GASKET
CPSE_C,ONGC-P-GAS-02009,SPIRAL WOUND GASKET 6 IN 150 # EPDM,MTR,GENERIC,PN-GAS-004,GASKET
CPSE_C,ONGC-P-GAS-02010,GASKET 6 IN 150 LB EPDM,SET,FAG,PN-GAS-004,GASKET
CPSE_C,ONGC-P-GAS-02011,GASKET 6 IN 150 LB EPDM,SET,GENERIC,PN-GAS-004,GASKET
CPSE_C,ONGC-P-GAS-02012,GASKET FULL FACE 6 IN CLASS 150 EPDM,KG,HAVELS,PN-GAS-004,GASKET
CPSE_C,ONGC-P-GAS-02013,GSKT FULL FACE 6 IN CL150 EPDM,SET,GENERIC,PN-GAS-004,GASKET
CPSE_C,ONGC-P-GAS-02014,SPIRAL WOUND GASKET 6 IN 150 # EPDM,SET,FAG,PN-GAS-004,GASKET
CPSE_C,ONGC-P-GAS-02015,GASKET 6 IN 150 LB EPDM,SET,L&T,PN-GAS-004,GASKET
CPSE_C,ONGC-P-GAS-02016,GASKET 6 IN 150 LB EPDM,KG,HAVELS,PN-GAS-004,GASKET
CPSE_C,ONGC-P-GAS-02017,GASKET FULL FACE 6 IN CLASS 150 EPDM,SET,GENERIC,PN-GAS-004,GASKET
CPSE_C,ONGC-P-GAS-02018,GSKT FULL FACE 6 IN CL150 EPDM,SET,HAVELS,PN-GAS-004,GASKET
CPSE_C,ONGC-P-GAS-02019,SPIRAL WOUND GASKET 6 IN 150 # EPDM,EA,SKF,PN-GAS-004,GASKET
CPSE_C,ONGC-P-GAS-02020,GASKET 6 IN 150 LB EPDM,EA,FAG,PN-GAS-004,GASKET
CPSE_C,ONGC-P-CAB-02021,CABLE 4C * 16 SQMM COPPER XLPE 1.1KV,SET,GENERIC,PN-CAB-000,CABLE
CPSE_C,ONGC-P-CAB-02022,POWER CABLE 4C X 16 SQMM COPPER 1.1KV,EA,GENERIC,PN-CAB-000,CABLE
CPSE_C,ONGC-P-CAB-02023,POWER CABLE 4C X 16 SQMM COPPER 1.1KV,SET,SKF,PN-CAB-000,CABLE
CPSE_C,ONGC-P-CAB-02024,CABLE 4C X 16 SQMM COPPER XLPE 1.1KV ARMOURED,KG,TATA,PN-CAB-000,CABLE
CPSE_C,ONGC-P-CAB-02025,CBL 4 CORE 16 MM2 COPPER 1.1KV ARMOURED,KG,HAVELS,PN-CAB-000,CABLE
CPSE_C,ONGC-P-CAB-02026,CABLE 4C * 16 SQMM COPPER XLPE 1.1KV,NOS,HAVELS,PN-CAB-000,CABLE
CPSE_C,ONGC-P-CAB-02027,POWER CABLE 4C X 16 SQMM COPPER 1.1KV,KG,FAG,PN-CAB-000,CABLE
CPSE_C,ONGC-P-CAB-02028,POWER CABLE 4C X 16 SQMM COPPER 1.1KV,MTR,FAG,PN-CAB-000,CABLE
CPSE_C,ONGC-P-CAB-02029,CABLE 4C X 16 SQMM COPPER XLPE 1.1KV ARMOURED,KG,GENERIC,PN-CAB-000,CABLE
CPSE_C,ONGC-P-CAB-02030,CBL 4 CORE 16 MM2 COPPER 1.1KV ARMOURED,SET,SKF,PN-CAB-000,CABLE
CPSE_C,ONGC-P-CAB-02031,CABLE 4C * 16 SQMM COPPER XLPE 1.1KV,NOS,TATA,PN-CAB-000,CABLE
CPSE_C,ONGC-P-CAB-02032,POWER CABLE 4C X 16 SQMM COPPER 1.1KV,SET,FAG,PN-CAB-000,CABLE
CPSE_C,ONGC-P-CAB-02033,CABLE 3.5C * 16 SQMM COPPER XLPE 1.1KV,EA,TATA,PN-CAB-001,CABLE
CPSE_C,ONGC-P-CAB-02034,POWER CABLE 3.5C X 16 SQMM COPPER 1.1KV,SET,UNBRAKO,PN-CAB-001,CABLE
CPSE_C,ONGC-P-CAB-02035,POWER CABLE 3.5C X 16 SQMM COPPER 1.1KV,PC,L&T,PN-CAB-001,CABLE
CPSE_C,ONGC-P-CAB-02036,CABLE 3.5C X 16 SQMM COPPER XLPE 1.1KV ARMOURED,EA,UNBRAKO,PN-CAB-001,CABLE
CPSE_C,ONGC-P-CAB-02037,CBL 3.5 CORE 16 MM2 COPPER 1.1KV ARMOURED,KG,L&T,PN-CAB-001,CABLE
CPSE_C,ONGC-P-CAB-02038,CABLE 3.5C * 16 SQMM COPPER XLPE 1.1KV,NOS,UNBRAKO,PN-CAB-001,CABLE
CPSE_C,ONGC-P-CAB-02039,POWER CABLE 3.5C X 16 SQMM COPPER 1.1KV,MTR,HAVELS,PN-CAB-001,CABLE
CPSE_C,ONGC-P-CAB-02040,POWER CABLE 3.5C X 16 SQMM COPPER 1.1KV,SET,HAVELS,PN-CAB-001,CABLE
CPSE_C,ONGC-P-CAB-02041,CABLE 3.5C X 16 SQMM COPPER XLPE 1.1KV ARMOURED,PC,SKF,PN-CAB-001,CABLE
CPSE_C,ONGC-P-CAB-02042,CBL 3.5 CORE 16 MM2 COPPER 1.1KV ARMOURED,NOS,SKF,PN-CAB-001,CABLE
CPSE_C,ONGC-P-CAB-02043,CABLE 3.5C * 16 SQMM COPPER XLPE 1.1KV,MTR,FAG,PN-CAB-001,CABLE
CPSE_C,ONGC-P-CAB-02044,POWER CABLE 3.5C X 16 SQMM COPPER 1.1KV,MTR,HAVELS,PN-CAB-001,CABLE
CPSE_C,ONGC-P-CAB-02045,CABLE 3.5C * 95 SQMM ALUMINIUM XLPE 1.1KV,KG,HAVELS,PN-CAB-002,CABLE
CPSE_C,ONGC-P-CAB-02046,POWER CABLE 3.5C X 95 SQMM ALUMINIUM 1.1KV,PC,L&T,PN-CAB-002,CABLE
CPSE_C,ONGC-P-CAB-02047,POWER CABLE 3.5C X 95 SQMM ALUMINIUM 1.1KV,SET,L&T,PN-CAB-002,CABLE
CPSE_C,ONGC-P-CAB-02048,CABLE 3.5C X 95 SQMM ALUMINIUM XLPE 1.1KV ARMOURED,MTR,TATA,PN-CAB-002,CABLE
CPSE_C,ONGC-P-CAB-02049,CBL 3.5 CORE 95 MM2 ALUMINIUM 1.1KV ARMOURED,NOS,FAG,PN-CAB-002,CABLE
CPSE_C,ONGC-P-CAB-02050,CABLE 3.5C * 95 SQMM ALUMINIUM XLPE 1.1KV,SET,UNBRAKO,PN-CAB-002,CABLE
CPSE_C,ONGC-P-CAB-02051,POWER CABLE 3.5C X 95 SQMM ALUMINIUM 1.1KV,KG,TATA,PN-CAB-002,CABLE
CPSE_C,ONGC-P-CAB-02052,POWER CABLE 3.5C X 95 SQMM ALUMINIUM 1.1KV,PC,L&T,PN-CAB-002,CABLE
CPSE_C,ONGC-P-CAB-02053,CABLE 3.5C X 95 SQMM ALUMINIUM XLPE 1.1KV ARMOURED,PC,FAG,PN-CAB-002,CABLE
CPSE_C,ONGC-P-CAB-02054,CBL 3.5 CORE 95 MM2 ALUMINIUM 1.1KV ARMOURED,PC,GENERIC,PN-CAB-002,CABLE
CPSE_C,ONGC-P-CAB-02055,CABLE 3.5C * 95 SQMM ALUMINIUM XLPE 1.1KV,KG,TATA,PN-CAB-002,CABLE
CPSE_C,ONGC-P-CAB-02056,POWER CABLE 3.5C X 95 SQMM ALUMINIUM 1.1KV,SET,GENERIC,PN-CAB-002,CABLE
CPSE_C,ONGC-P-CAB-02057,CABLE 2C * 2.5 SQMM COPPER PVC 1.1KV,MTR,HAVELS,PN-CAB-003,CABLE
CPSE_C,ONGC-P-CAB-02058,POWER CABLE 2C X 2.5 SQMM COPPER 1.1KV,EA,L&T,PN-CAB-003,CABLE
CPSE_C,ONGC-P-CAB-02059,POWER CABLE 2C X 2.5 SQMM COPPER 1.1KV,PC,GENERIC,PN-CAB-003,CABLE
CPSE_C,ONGC-P-CAB-02060,CABLE 2C X 2.5 SQMM COPPER PVC 1.1KV UNARMOURED,MTR,L&T,PN-CAB-003,CABLE
CPSE_C,ONGC-P-CAB-02061,CBL 2 CORE 2.5 MM2 COPPER 1.1KV UNARMOURED,KG,GENERIC,PN-CAB-003,CABLE
CPSE_C,ONGC-P-CAB-02062,CABLE 2C * 2.5 SQMM COPPER PVC 1.1KV,NOS,FAG,PN-CAB-003,CABLE
CPSE_C,ONGC-P-CAB-02063,POWER CABLE 2C X 2.5 SQMM COPPER 1.1KV,EA,L&T,PN-CAB-003,CABLE
CPSE_C,ONGC-P-CAB-02064,POWER CABLE 2C X 2.5 SQMM COPPER 1.1KV,EA,UNBRAKO,PN-CAB-003,CABLE
CPSE_C,ONGC-P-CAB-02065,CABLE 2C X 2.5 SQMM COPPER PVC 1.1KV UNARMOURED,EA,TATA,PN-CAB-003,CABLE
CPSE_C,ONGC-P-CAB-02066,CBL 2 CORE 2.5 MM2 COPPER 1.1KV UNARMOURED,PC,TATA,PN-CAB-003,CABLE
CPSE_C,ONGC-P-CAB-02067,CABLE 2C * 2.5 SQMM COPPER PVC 1.1KV,EA,HAVELS,PN-CAB-003,CABLE
CPSE_C,ONGC-P-CAB-02068,POWER CABLE 2C X 2.5 SQMM COPPER 1.1KV,NOS,SKF,PN-CAB-003,CABLE
CPSE_C,ONGC-P-CAB-02069,CABLE 3C * 185 SQMM ALUMINIUM XLPE 11KV,SET,UNBRAKO,PN-CAB-004,CABLE
CPSE_C,ONGC-P-CAB-02070,POWER CABLE 3C X 185 SQMM ALUMINIUM 11KV,PC,HAVELS,PN-CAB-004,CABLE
CPSE_C,ONGC-P-CAB-02071,POWER CABLE 3C X 185 SQMM ALUMINIUM 11KV,PC,SKF,PN-CAB-004,CABLE
CPSE_C,ONGC-P-CAB-02072,CABLE 3C X 185 SQMM ALUMINIUM XLPE 11KV ARMOURED,EA,TATA,PN-CAB-004,CABLE
CPSE_C,ONGC-P-CAB-02073,CBL 3 CORE 185 MM2 ALUMINIUM 11KV ARMOURED,NOS,TATA,PN-CAB-004,CABLE
CPSE_C,ONGC-P-CAB-02074,CABLE 3C * 185 SQMM ALUMINIUM XLPE 11KV,EA,HAVELS,PN-CAB-004,CABLE
CPSE_C,ONGC-P-CAB-02075,POWER CABLE 3C X 185 SQMM ALUMINIUM 11KV,NOS,SKF,PN-CAB-004,CABLE
CPSE_C,ONGC-P-CAB-02076,POWER CABLE 3C X 185 SQMM ALUMINIUM 11KV,NOS,TATA,PN-CAB-004,CABLE
CPSE_C,ONGC-P-CAB-02077,CABLE 3C X 185 SQMM ALUMINIUM XLPE 11KV ARMOURED,NOS,UNBRAKO,PN-CAB-004,CABLE
CPSE_C,ONGC-P-CAB-02078,CBL 3 CORE 185 MM2 ALUMINIUM 11KV ARMOURED,PC,SKF,PN-CAB-004,CABLE
CPSE_C,ONGC-P-CAB-02079,CABLE 3C * 185 SQMM ALUMINIUM XLPE 11KV,MTR,TATA,PN-CAB-004,CABLE
CPSE_C,ONGC-P-CAB-02080,POWER CABLE 3C X 185 SQMM ALUMINIUM 11KV,PC,HAVELS,PN-CAB-004,CABLE
CPSE_D,SAIL-ST-BOL-02081,FASTENER HEX BOLT M10 * 50 SS304 CLASS 8.8,EA,TATA,PN-BOL-000,BOLT
CPSE_D,SAIL-ST-BOL-02082,BOLT M10X50 8.8 SS304,EA,HAVELS,PN-BOL-000,BOLT
CPSE_D,SAIL-ST-BOL-02083,HEX BOLT M10X50 SS304 GR 8.8 IS 1363,SET,UNBRAKO,PN-BOL-000,BOLT
CPSE_D,SAIL-ST-BOL-02084,BOLT HEX M10 X 50 SS304 8.8 IS 1363,SET,GENERIC,PN-BOL-000,BOLT
CPSE_D,SAIL-ST-BOL-02085,HEX HEAD BOLT M10X50 MM SS304 GRADE 8.8,NOS,FAG,PN-BOL-000,BOLT
CPSE_D,SAIL-ST-BOL-02086,FASTENER HEX BOLT M10 * 50 SS304 CLASS 8.8,KG,UNBRAKO,PN-BOL-000,BOLT
CPSE_D,SAIL-ST-BOL-02087,BOLT M10X50 8.8 SS304,MTR,FAG,PN-BOL-000,BOLT
CPSE_D,SAIL-ST-BOL-02088,HEX BOLT M10X50 SS304 GR 8.8 IS 1363,SET,FAG,PN-BOL-000,BOLT
CPSE_D,SAIL-ST-BOL-02089,BOLT HEX M10 X 50 SS304 8.8 IS 1363,MTR,GENERIC,PN-BOL-000,BOLT
CPSE_D,SAIL-ST-BOL-02090,HEX HEAD BOLT M10X50 MM SS304 GRADE 8.8,KG,HAVELS,PN-BOL-000,BOLT
CPSE_D,SAIL-ST-BOL-02091,FASTENER HEX BOLT M10 * 50 SS304 CLASS 8.8,MTR,FAG,PN-BOL-000,BOLT
CPSE_D,SAIL-ST-BOL-02092,BOLT M10X50 8.8 SS304,PC,FAG,PN-BOL-000,BOLT
CPSE_D,SAIL-ST-BOL-02093,FASTENER HEX BOLT M12 * 60 SS316 CLASS 10.9,SET,HAVELS,PN-BOL-001,BOLT
CPSE_D,SAIL-ST-BOL-02094,BOLT M12X60 10.9 SS316,MTR,GENERIC,PN-BOL-001,BOLT
CPSE_D,SAIL-ST-BOL-02095,HEX BOLT M12X60 SS316 GR 10.9 ISO 4014,SET,L&T,PN-BOL-001,BOLT
CPSE_D,SAIL-ST-BOL-02096,BOLT HEX M12 X 60 SS316 10.9 ISO 4014,EA,HAVELS,PN-BOL-001,BOLT
CPSE_D,SAIL-ST-BOL-02097,HEX HEAD BOLT M12X60 MM SS316 GRADE 10.9,KG,SKF,PN-BOL-001,BOLT
CPSE_D,SAIL-ST-BOL-02098,FASTENER HEX BOLT M12 * 60 SS316 CLASS 10.9,SET,GENERIC,PN-BOL-001,BOLT
CPSE_D,SAIL-ST-BOL-02099,BOLT M12X60 10.9 SS316,MTR,UNBRAKO,PN-BOL-001,BOLT
CPSE_D,SAIL-ST-BOL-02100,HEX BOLT M12X60 SS316 GR 10.9 ISO 4014,PC,GENERIC,PN-BOL-001,BOLT
CPSE_D,SAIL-ST-BOL-02101,BOLT HEX M12 X 60 SS316 10.9 ISO 4014,KG,FAG,PN-BOL-001,BOLT
CPSE_D,SAIL-ST-BOL-02102,HEX HEAD BOLT M12X60 MM SS316 GRADE 10.9,KG,TATA,PN-BOL-001,BOLT
CPSE_D,SAIL-ST-BOL-02103,FASTENER HEX BOLT M12 * 60 SS316 CLASS 10.9,PC,GENERIC,PN-BOL-001,BOLT
CPSE_D,SAIL-ST-BOL-02104,BOLT M12X60 10.9 SS316,NOS,UNBRAKO,PN-BOL-001,BOLT
CPSE_D,SAIL-ST-BOL-02105,FASTENER HEX BOLT M16 * 70 CARBON_STEEL CLASS 8.8,EA,UNBRAKO,PN-BOL-002,BOLT
CPSE_D,SAIL-ST-BOL-02106,BOLT M16X70 8.8 CARBON_STEEL,MTR,TATA,PN-BOL-002,BOLT
CPSE_D,SAIL-ST-BOL-02107,HEX BOLT M16X70 CARBON_STEEL GR 8.8 DIN 931,SET,SKF,PN-BOL-002,BOLT
CPSE_D,SAIL-ST-BOL-02108,BOLT HEX M16 X 70 CARBON_STEEL 8.8 DIN 931,SET,GENERIC,PN-BOL-002,BOLT
CPSE_D,SAIL-ST-BOL-02109,HEX HEAD BOLT M16X70 MM CARBON_STEEL GRADE 8.8,MTR,L&T,PN-BOL-002,BOLT
CPSE_D,SAIL-ST-BOL-02110,FASTENER HEX BOLT M16 * 70 CARBON_STEEL CLASS 8.8,NOS,L&T,PN-BOL-002,BOLT
CPSE_D,SAIL-ST-BOL-02111,BOLT M16X70 8.8 CARBON_STEEL,PC,FAG,PN-BOL-002,BOLT
CPSE_D,SAIL-ST-BOL-02112,HEX BOLT M16X70 CARBON_STEEL GR 8.8 DIN 931,SET,HAVELS,PN-BOL-002,BOLT
CPSE_D,SAIL-ST-BOL-02113,BOLT HEX M16 X 70 CARBON_STEEL 8.8 DIN 931,PC,L&T,PN-BOL-002,BOLT
CPSE_D,SAIL-ST-BOL-02114,HEX HEAD BOLT M16X70 MM CARBON_STEEL GRADE 8.8,SET,FAG,PN-BOL-002,BOLT
CPSE_D,SAIL-ST-BOL-02115,FASTENER HEX BOLT M16 * 70 CARBON_STEEL CLASS 8.8,PC,GENERIC,PN-BOL-002,BOLT
CPSE_D,SAIL-ST-BOL-02116,BOLT M16X70 8.8 CARBON_STEEL,KG,GENERIC,PN-BOL-002,BOLT
CPSE_D,SAIL-ST-BOL-02117,FASTENER STUD BOLT M20 * 100 SS304 CLASS A2-70,EA,L&T,PN-BOL-003,BOLT
CPSE_D,SAIL-ST-BOL-02118,BOLT M20X100 A2-70 SS304,SET,UNBRAKO,PN-BOL-003,BOLT
CPSE_D,SAIL-ST-BOL-02119,STUD BOLT M20X100 SS304 GR A2-70 ASME B18.31.2,EA,L&T,PN-BOL-003,BOLT
CPSE_D,SAIL-ST-BOL-02120,BOLT HEX M20 X 100 SS304 A2-70 ASME B18.31.2,MTR,TATA,PN-BOL-003,BOLT
CPSE_D,SAIL-ST-BOL-02121,HEX HEAD BOLT M20X100 MM SS304 GRADE A2-70,EA,SKF,PN-BOL-003,BOLT
CPSE_D,SAIL-ST-BOL-02122,FASTENER STUD BOLT M20 * 100 SS304 CLASS A2-70,MTR,GENERIC,PN-BOL-003,BOLT
CPSE_D,SAIL-ST-BOL-02123,BOLT M20X100 A2-70 SS304,SET,GENERIC,PN-BOL-003,BOLT
CPSE_D,SAIL-ST-BOL-02124,STUD BOLT M20X100 SS304 GR A2-70 ASME B18.31.2,KG,HAVELS,PN-BOL-003,BOLT
CPSE_D,SAIL-ST-BOL-02125,BOLT HEX M20 X 100 SS304 A2-70 ASME B18.31.2,KG,SKF,PN-BOL-003,BOLT
CPSE_D,SAIL-ST-BOL-02126,HEX HEAD BOLT M20X100 MM SS304 GRADE A2-70,SET,FAG,PN-BOL-003,BOLT
CPSE_D,SAIL-ST-BOL-02127,FASTENER STUD BOLT M20 * 100 SS304 CLASS A2-70,SET,HAVELS,PN-BOL-003,BOLT
CPSE_D,SAIL-ST-BOL-02128,BOLT M20X100 A2-70 SS304,MTR,GENERIC,PN-BOL-003,BOLT
CPSE_D,SAIL-ST-BOL-02129,FASTENER CAP SCREW M8 * 30 ALLOY_STEEL CLASS 12.9,KG,SKF,PN-BOL-004,BOLT
CPSE_D,SAIL-ST-BOL-02130,BOLT M8X30 12.9 ALLOY_STEEL,KG,SKF,PN-BOL-004,BOLT
CPSE_D,SAIL-ST-BOL-02131,CAP SCREW M8X30 ALLOY_STEEL GR 12.9 DIN 912,PC,SKF,PN-BOL-004,BOLT
CPSE_D,SAIL-ST-BOL-02132,BOLT HEX M8 X 30 ALLOY_STEEL 12.9 DIN 912,KG,HAVELS,PN-BOL-004,BOLT
CPSE_D,SAIL-ST-BOL-02133,HEX HEAD BOLT M8X30 MM ALLOY_STEEL GRADE 12.9,PC,HAVELS,PN-BOL-004,BOLT
CPSE_D,SAIL-ST-BOL-02134,FASTENER CAP SCREW M8 * 30 ALLOY_STEEL CLASS 12.9,NOS,HAVELS,PN-BOL-004,BOLT
CPSE_D,SAIL-ST-BOL-02135,BOLT M8X30 12.9 ALLOY_STEEL,NOS,L&T,PN-BOL-004,BOLT
CPSE_D,SAIL-ST-BOL-02136,CAP SCREW M8X30 ALLOY_STEEL GR 12.9 DIN 912,KG,SKF,PN-BOL-004,BOLT
CPSE_D,SAIL-ST-BOL-02137,BOLT HEX M8 X 30 ALLOY_STEEL 12.9 DIN 912,NOS,L&T,PN-BOL-004,BOLT
CPSE_D,SAIL-ST-BOL-02138,HEX HEAD BOLT M8X30 MM ALLOY_STEEL GRADE 12.9,NOS,GENERIC,PN-BOL-004,BOLT
CPSE_D,SAIL-ST-BOL-02139,FASTENER CAP SCREW M8 * 30 ALLOY_STEEL CLASS 12.9,KG,TATA,PN-BOL-004,BOLT
CPSE_D,SAIL-ST-BOL-02140,BOLT M8X30 12.9 ALLOY_STEEL,PC,GENERIC,PN-BOL-004,BOLT
CPSE_D,SAIL-ST-PIP-02141,4 IN PIPE A106_GR_B SCH_40 SEAMLESS,NOS,SKF,PN-PIP-000,PIPE
CPSE_D,SAIL-ST-PIP-02142,TUBING 4 IN SCH_40 A106_GR_B,NOS,SKF,PN-PIP-000,PIPE
CPSE_D,SAIL-ST-PIP-02143,PIPE 4 IN SCH_40 SEAMLESS A106_GR_B ASTM A106,NOS,FAG,PN-PIP-000,PIPE
CPSE_D,SAIL-ST-PIP-02144,SEAMLESS PIPE 4 IN SCH_40 A106_GR_B,KG,FAG,PN-PIP-000,PIPE
CPSE_D,SAIL-ST-PIP-02145,PIPE CS 4 IN SCH_40 SEAMLESS SPEC A106_GR_B,MTR,HAVELS,PN-PIP-000,PIPE
CPSE_D,SAIL-ST-PIP-02146,4 IN PIPE A106_GR_B SCH_40 SEAMLESS,NOS,UNBRAKO,PN-PIP-000,PIPE
CPSE_D,SAIL-ST-PIP-02147,TUBING 4 IN SCH_40 A106_GR_B,SET,TATA,PN-PIP-000,PIPE
CPSE_D,SAIL-ST-PIP-02148,PIPE 4 IN SCH_40 SEAMLESS A106_GR_B ASTM A106,PC,TATA,PN-PIP-000,PIPE
CPSE_D,SAIL-ST-PIP-02149,SEAMLESS PIPE 4 IN SCH_40 A106_GR_B,KG,GENERIC,PN-PIP-000,PIPE
CPSE_D,SAIL-ST-PIP-02150,PIPE CS 4 IN SCH_40 SEAMLESS SPEC A106_GR_B,MTR,TATA,PN-PIP-000,PIPE
CPSE_D,SAIL-ST-PIP-02151,4 IN PIPE A106_GR_B SCH_40 SEAMLESS,MTR,SKF,PN-PIP-000,PIPE
CPSE_D,SAIL-ST-PIP-02152,TUBING 4 IN SCH_40 A106_GR_B,KG,HAVELS,PN-PIP-000,PIPE
CPSE_D,SAIL-ST-PIP-02153,4 IN PIPE A106_GR_B SCH_80 SEAMLESS,SET,GENERIC,PN-PIP-001,PIPE
CPSE_D,SAIL-ST-PIP-02154,TUBING 4 IN SCH_80 A106_GR_B,NOS,FAG,PN-PIP-001,PIPE
CPSE_D,SAIL-ST-PIP-02155,PIPE 4 IN SCH_80 SEAMLESS A106_GR_B ASTM A106,KG,HAVELS,PN-PIP-001,PIPE
CPSE_D,SAIL-ST-PIP-02156,SEAMLESS PIPE 4 IN SCH_80 A106_GR_B,EA,UNBRAKO,PN-PIP-001,PIPE
CPSE_D,SAIL-ST-PIP-02157,PIPE CS 4 IN SCH_80 SEAMLESS SPEC A106_GR_B,SET,UNBRAKO,PN-PIP-001,PIPE
CPSE_D,SAIL-ST-PIP-02158,4 IN PIPE A106_GR_B SCH_80 SEAMLESS,SET,UNBRAKO,PN-PIP-001,PIPE
CPSE_D,SAIL-ST-PIP-02159,TUBING 4 IN SCH_80 A106_GR_B,SET,UNBRAKO,PN-PIP-001,PIPE
CPSE_D,SAIL-ST-PIP-02160,PIPE 4 IN SCH_80 SEAMLESS A106_GR_B ASTM A106,EA,HAVELS,PN-PIP-001,PIPE
CPSE_D,SAIL-ST-PIP-02161,SEAMLESS PIPE 4 IN SCH_80 A106_GR_B,SET,HAVELS,PN-PIP-001,PIPE
CPSE_D,SAIL-ST-PIP-02162,PIPE CS 4 IN SCH_80 SEAMLESS SPEC A106_GR_B,NOS,TATA,PN-PIP-001,PIPE
CPSE_D,SAIL-ST-PIP-02163,4 IN PIPE A106_GR_B SCH_80 SEAMLESS,MTR,TATA,PN-PIP-001,PIPE
CPSE_D,SAIL-ST-PIP-02164,TUBING 4 IN SCH_80 A106_GR_B,SET,L&T,PN-PIP-001,PIPE
CPSE_D,SAIL-ST-PIP-02165,2 IN PIPE A53_GR_B SCH_40 ERW,SET,SKF,PN-PIP-002,PIPE
CPSE_D,SAIL-ST-PIP-02166,TUBING 2 IN SCH_40 A53_GR_B,KG,L&T,PN-PIP-002,PIPE
CPSE_D,SAIL-ST-PIP-02167,PIPE 2 IN SCH_40 ERW A53_GR_B ASTM A53,MTR,TATA,PN-PIP-002,PIPE
CPSE_D,SAIL-ST-PIP-02168,SEAMLESS PIPE 2 IN SCH_40 A53_GR_B,SET,TATA,PN-PIP-002,PIPE
CPSE_D,SAIL-ST-PIP-02169,PIPE CS 2 IN SCH_40 ERW SPEC A53_GR_B,EA,L&T,PN-PIP-002,PIPE
CPSE_D,SAIL-ST-PIP-02170,2 IN PIPE A53_GR_B SCH_40 ERW,NOS,FAG,PN-PIP-002,PIPE
CPSE_D,SAIL-ST-PIP-02171,TUBING 2 IN SCH_40 A53_GR_B,KG,HAVELS,PN-PIP-002,PIPE
CPSE_D,SAIL-ST-PIP-02172,PIPE 2 IN SCH_40 ERW A53_GR_B ASTM A53,KG,TATA,PN-PIP-002,PIPE
CPSE_D,SAIL-ST-PIP-02173,SEAMLESS PIPE 2 IN SCH_40 A53_GR_B,SET,TATA,PN-PIP-002,PIPE
CPSE_D,SAIL-ST-PIP-02174,PIPE CS 2 IN SCH_40 ERW SPEC A53_GR_B,MTR,UNBRAKO,PN-PIP-002,PIPE
CPSE_D,SAIL-ST-PIP-02175,2 IN PIPE A53_GR_B SCH_40 ERW,NOS,L&T,PN-PIP-002,PIPE
CPSE_D,SAIL-ST-PIP-02176,TUBING 2 IN SCH_40 A53_GR_B,MTR,SKF,PN-PIP-002,PIPE
CPSE_D,SAIL-ST-PIP-02177,6 IN PIPE API_5L_X52 SCH_80 SEAMLESS,SET,GENERIC,PN-PIP-003,PIPE
CPSE_D,SAIL-ST-PIP-02178,TUBING 6 IN SCH_80 API_5L_X52,EA,UNBRAKO,PN-PIP-003,PIPE
CPSE_D,SAIL-ST-PIP-02179,PIPE 6 IN SCH_80 SEAMLESS API_5L_X52 API 5L,EA,HAVELS,PN-PIP-003,PIPE
CPSE_D,SAIL-ST-PIP-02180,SEAMLESS PIPE 6 IN SCH_80 API_5L_X52,EA,FAG,PN-PIP-003,PIPE
CPSE_D,SAIL-ST-PIP-02181,PIPE CS 6 IN SCH_80 SEAMLESS SPEC API_5L_X52,KG,UNBRAKO,PN-PIP-003,PIPE
CPSE_D,SAIL-ST-PIP-02182,6 IN PIPE API_5L_X52 SCH_80 SEAMLESS,SET,L&T,PN-PIP-003,PIPE
CPSE_D,SAIL-ST-PIP-02183,TUBING 6 IN SCH_80 API_5L_X52,MTR,SKF,PN-PIP-003,PIPE
CPSE_D,SAIL-ST-PIP-02184,PIPE 6 IN SCH_80 SEAMLESS API_5L_X52 API 5L,PC,TATA,PN-PIP-003,PIPE
CPSE_D,SAIL-ST-PIP-02185,SEAMLESS PIPE 6 IN SCH_80 API_5L_X52,EA,UNBRAKO,PN-PIP-003,PIPE
CPSE_D,SAIL-ST-PIP-02186,PIPE CS 6 IN SCH_80 SEAMLESS SPEC API_5L_X52,EA,TATA,PN-PIP-003,PIPE
CPSE_D,SAIL-ST-PIP-02187,6 IN PIPE API_5L_X52 SCH_80 SEAMLESS,PC,TATA,PN-PIP-003,PIPE
CPSE_D,SAIL-ST-PIP-02188,TUBING 6 IN SCH_80 API_5L_X52,EA,SKF,PN-PIP-003,PIPE
CPSE_D,SAIL-ST-PIP-02189,3 IN PIPE SS304 SCH_10S SEAMLESS,EA,UNBRAKO,PN-PIP-004,PIPE
CPSE_D,SAIL-ST-PIP-02190,TUBING 3 IN SCH_10S SS304,PC,TATA,PN-PIP-004,PIPE
CPSE_D,SAIL-ST-PIP-02191,PIPE 3 IN SCH_10S SEAMLESS SS304 ASTM A312,MTR,L&T,PN-PIP-004,PIPE
CPSE_D,SAIL-ST-PIP-02192,SEAMLESS PIPE 3 IN SCH_10S SS304,SET,GENERIC,PN-PIP-004,PIPE
CPSE_D,SAIL-ST-PIP-02193,PIPE CS 3 IN SCH_10S SEAMLESS SPEC SS304,PC,UNBRAKO,PN-PIP-004,PIPE
CPSE_D,SAIL-ST-PIP-02194,3 IN PIPE SS304 SCH_10S SEAMLESS,SET,L&T,PN-PIP-004,PIPE
CPSE_D,SAIL-ST-PIP-02195,TUBING 3 IN SCH_10S SS304,NOS,FAG,PN-PIP-004,PIPE
CPSE_D,SAIL-ST-PIP-02196,PIPE 3 IN SCH_10S SEAMLESS SS304 ASTM A312,NOS,FAG,PN-PIP-004,PIPE
CPSE_D,SAIL-ST-PIP-02197,SEAMLESS PIPE 3 IN SCH_10S SS304,SET,TATA,PN-PIP-004,PIPE
CPSE_D,SAIL-ST-PIP-02198,PIPE CS 3 IN SCH_10S SEAMLESS SPEC SS304,EA,SKF,PN-PIP-004,PIPE
CPSE_D,SAIL-ST-PIP-02199,3 IN PIPE SS304 SCH_10S SEAMLESS,KG,SKF,PN-PIP-004,PIPE
CPSE_D,SAIL-ST-PIP-02200,TUBING 3 IN SCH_10S SS304,SET,GENERIC,PN-PIP-004,PIPE
CPSE_D,SAIL-ST-BEA-02201,BEARING 6205 2RS CLEARANCE C3,KG,FAG,PN-BEA-000,BEARING
CPSE_D,SAIL-ST-BEA-02202,BRG 6205 2RS (25* 52* 15),KG,SKF,PN-BEA-000,BEARING
CPSE_D,SAIL-ST-BEA-02203,BEARING 6205-2RS C3 (25X52X15 MM),KG,L&T,PN-BEA-000,BEARING
CPSE_D,SAIL-ST-BEA-02204,BRG DEEP GROOVE BALL 6205 2RS,KG,UNBRAKO,PN-BEA-000,BEARING
CPSE_D,SAIL-ST-BEA-02205,BALL BEARING 6205 2RS C3,SET,SKF,PN-BEA-000,BEARING
CPSE_D,SAIL-ST-BEA-02206,BEARING 6205 2RS CLEARANCE C3,EA,HAVELS,PN-BEA-000,BEARING
CPSE_D,SAIL-ST-BEA-02207,BRG 6205 2RS (25* 52* 15),EA,SKF,PN-BEA-000,BEARING
CPSE_D,SAIL-ST-BEA-02208,BEARING 6205-2RS C3 (25X52X15 MM),KG,TATA,PN-BEA-000,BEARING
CPSE_D,SAIL-ST-BEA-02209,BRG DEEP GROOVE BALL 6205 2RS,PC,L&T,PN-BEA-000,BEARING
CPSE_D,SAIL-ST-BEA-02210,BALL BEARING 6205 2RS C3,PC,SKF,PN-BEA-000,BEARING
CPSE_D,SAIL-ST-BEA-02211,BEARING 6205 2RS CLEARANCE C3,SET,HAVELS,PN-BEA-000,BEARING
CPSE_D,SAIL-ST-BEA-02212,BRG 6205 2RS (25* 52* 15),MTR,SKF,PN-BEA-000,BEARING
CPSE_D,SAIL-ST-BEA-02213,BEARING 6205 ZZ CLEARANCE C3,NOS,UNBRAKO,PN-BEA-001,BEARING
CPSE_D,SAIL-ST-BEA-02214,BRG 6205 ZZ (25* 52* 15),NOS,TATA,PN-BEA-001,BEARING
CPSE_D,SAIL-ST-BEA-02215,BEARING 6205-ZZ C3 (25X52X15 MM),EA,L&T,PN-BEA-001,BEARING
CPSE_D,SAIL-ST-BEA-02216,BRG DEEP GROOVE BALL 6205 ZZ,KG,L&T,PN-BEA-001,BEARING
CPSE_D,SAIL-ST-BEA-02217,BALL BEARING 6205 ZZ C3,SET,HAVELS,PN-BEA-001,BEARING
CPSE_D,SAIL-ST-BEA-02218,BEARING 6205 ZZ CLEARANCE C3,NOS,GENERIC,PN-BEA-001,BEARING
CPSE_D,SAIL-ST-BEA-02219,BRG 6205 ZZ (25* 52* 15),MTR,SKF,PN-BEA-001,BEARING
CPSE_D,SAIL-ST-BEA-02220,BEARING 6205-ZZ C3 (25X52X15 MM),KG,HAVELS,PN-BEA-001,BEARING
CPSE_D,SAIL-ST-BEA-02221,BRG DEEP GROOVE BALL 6205 ZZ,PC,L&T,PN-BEA-001,BEARING
CPSE_D,SAIL-ST-BEA-02222,BALL BEARING 6205 ZZ C3,EA,FAG,PN-BEA-001,BEARING
CPSE_D,SAIL-ST-BEA-02223,BEARING 6205 ZZ CLEARANCE C3,PC,SKF,PN-BEA-001,BEARING
CPSE_D,SAIL-ST-BEA-02224,BRG 6205 ZZ (25* 52* 15),PC,TATA,PN-BEA-001,BEARING
CPSE_D,SAIL-ST-BEA-02225,BEARING 6308 OPEN CLEARANCE CN,NOS,UNBRAKO,PN-BEA-002,BEARING
CPSE_D,SAIL-ST-BEA-02226,BRG 6308 OPEN (40* 90* 23),PC,SKF,PN-BEA-002,BEARING
CPSE_D,SAIL-ST-BEA-02227,BEARING 6308-OPEN CN (40X90X23 MM),PC,TATA,PN-BEA-002,BEARING
CPSE_D,SAIL-ST-BEA-02228,BRG DEEP GROOVE BALL 6308 OPEN,PC,UNBRAKO,PN-BEA-002,BEARING
CPSE_D,SAIL-ST-BEA-02229,BALL BEARING 6308 OPEN CN,SET,SKF,PN-BEA-002,BEARING
CPSE_D,SAIL-ST-BEA-02230,BEARING 6308 OPEN CLEARANCE CN,KG,HAVELS,PN-BEA-002,BEARING
CPSE_D,SAIL-ST-BEA-02231,BRG 6308 OPEN (40* 90* 23),KG,FAG,PN-BEA-002,BEARING
CPSE_D,SAIL-ST-BEA-02232,BEARING 6308-OPEN CN (40X90X23 MM),EA,HAVELS,PN-BEA-002,BEARING
CPSE_D,SAIL-ST-BEA-02233,BRG DEEP GROOVE BALL 6308 OPEN,MTR,GENERIC,PN-BEA-002,BEARING
CPSE_D,SAIL-ST-BEA-02234,BALL BEARING 6308 OPEN CN,NOS,L&T,PN-BEA-002,BEARING
CPSE_D,SAIL-ST-BEA-02235,BEARING 6308 OPEN CLEARANCE CN,PC,TATA,PN-BEA-002,BEARING
CPSE_D,SAIL-ST-BEA-02236,BRG 6308 OPEN (40* 90* 23),MTR,FAG,PN-BEA-002,BEARING
CPSE_D,SAIL-ST-BEA-02237,BEARING 30205 OPEN CLEARANCE CN,KG,SKF,PN-BEA-003,BEARING
CPSE_D,SAIL-ST-BEA-02238,BRG 30205 OPEN (25* 52* 16.25),PC,UNBRAKO,PN-BEA-003,BEARING
CPSE_D,SAIL-ST-BEA-02239,BEARING 30205-OPEN CN (25X52X16.25 MM),MTR,UNBRAKO,PN-BEA-003,BEARING
CPSE_D,SAIL-ST-BEA-02240,BRG DEEP GROOVE BALL 30205 OPEN,PC,TATA,PN-BEA-003,BEARING
CPSE_D,SAIL-ST-BEA-02241,BALL BEARING 30205 OPEN CN,MTR,L&T,PN-BEA-003,BEARING
CPSE_D,SAIL-ST-BEA-02242,BEARING 30205 OPEN CLEARANCE CN,MTR,SKF,PN-BEA-003,BEARING
CPSE_D,SAIL-ST-BEA-02243,BRG 30205 OPEN (25* 52* 16.25),NOS,FAG,PN-BEA-003,BEARING
CPSE_D,SAIL-ST-BEA-02244,BEARING 30205-OPEN CN (25X52X16.25 MM),MTR,FAG,PN-BEA-003,BEARING
CPSE_D,SAIL-ST-BEA-02245,BRG DEEP GROOVE BALL 30205 OPEN,SET,SKF,PN-BEA-003,BEARING
CPSE_D,SAIL-ST-BEA-02246,BALL BEARING 30205 OPEN CN,PC,FAG,PN-BEA-003,BEARING
CPSE_D,SAIL-ST-BEA-02247,BEARING 30205 OPEN CLEARANCE CN,NOS,TATA,PN-BEA-003,BEARING
CPSE_D,SAIL-ST-BEA-02248,BRG 30205 OPEN (25* 52* 16.25),SET,TATA,PN-BEA-003,BEARING
CPSE_D,SAIL-ST-BEA-02249,BEARING 22210 OPEN CLEARANCE C3,PC,FAG,PN-BEA-004,BEARING
CPSE_D,SAIL-ST-BEA-02250,BRG 22210 OPEN (50* 90* 23),SET,L&T,PN-BEA-004,BEARING
CPSE_D,SAIL-ST-BEA-02251,BEARING 22210-OPEN C3 (50X90X23 MM),PC,L&T,PN-BEA-004,BEARING
CPSE_D,SAIL-ST-BEA-02252,BRG DEEP GROOVE BALL 22210 OPEN,MTR,UNBRAKO,PN-BEA-004,BEARING
CPSE_D,SAIL-ST-BEA-02253,BALL BEARING 22210 OPEN C3,EA,UNBRAKO,PN-BEA-004,BEARING
CPSE_D,SAIL-ST-BEA-02254,BEARING 22210 OPEN CLEARANCE C3,PC,SKF,PN-BEA-004,BEARING
CPSE_D,SAIL-ST-BEA-02255,BRG 22210 OPEN (50* 90* 23),KG,TATA,PN-BEA-004,BEARING
CPSE_D,SAIL-ST-BEA-02256,BEARING 22210-OPEN C3 (50X90X23 MM),PC,GENERIC,PN-BEA-004,BEARING
CPSE_D,SAIL-ST-BEA-02257,BRG DEEP GROOVE BALL 22210 OPEN,NOS,L&T,PN-BEA-004,BEARING
CPSE_D,SAIL-ST-BEA-02258,BALL BEARING 22210 OPEN C3,MTR,SKF,PN-BEA-004,BEARING
CPSE_D,SAIL-ST-BEA-02259,BEARING 22210 OPEN CLEARANCE C3,EA,UNBRAKO,PN-BEA-004,BEARING
CPSE_D,SAIL-ST-BEA-02260,BRG 22210 OPEN (50* 90* 23),MTR,L&T,PN-BEA-004,BEARING
CPSE_D,SAIL-ST-VAL-02261,VALVE GATE 4 IN CLASS 150 BODY SS304,KG,GENERIC,PN-VAL-000,VALVE
CPSE_D,SAIL-ST-VAL-02262,FLANGED GATE VALVE 4 IN CL 150,NOS,GENERIC,PN-VAL-000,VALVE
CPSE_D,SAIL-ST-VAL-02263,VALVE GATE 4 IN CLASS 150 SS304 FLANGED,PC,HAVELS,PN-VAL-000,VALVE
CPSE_D,SAIL-ST-VAL-02264,GATE VALVE 4 IN CL 150 SS304,EA,HAVELS,PN-VAL-000,VALVE
CPSE_D,SAIL-ST-VAL-02265,VLV GATE 4 IN # 150 SS304 FLANGED,KG,TATA,PN-VAL-000,VALVE
CPSE_D,SAIL-ST-VAL-02266,VALVE GATE 4 IN CLASS 150 BODY SS304,EA,UNBRAKO,PN-VAL-000,VALVE
CPSE_D,SAIL-ST-VAL-02267,FLANGED GATE VALVE 4 IN CL 150,SET,GENERIC,PN-VAL-000,VALVE
CPSE_D,SAIL-ST-VAL-02268,VALVE GATE 4 IN CLASS 150 SS304 FLANGED,KG,L&T,PN-VAL-000,VALVE
CPSE_D,SAIL-ST-VAL-02269,GATE VALVE 4 IN CL 150 SS304,NOS,UNBRAKO,PN-VAL-000,VALVE
CPSE_D,SAIL-ST-VAL-02270,VLV GATE 4 IN # 150 SS304 FLANGED,MTR,TATA,PN-VAL-000,VALVE
CPSE_D,SAIL-ST-VAL-02271,VALVE GATE 4 IN CLASS 150 BODY SS304,NOS,UNBRAKO,PN-VAL-000,VALVE
CPSE_D,SAIL-ST-VAL-02272,FLANGED GATE VALVE 4 IN CL 150,EA,GENERIC,PN-VAL-000,VALVE
CPSE_D,SAIL-ST-VAL-02273,VALVE GATE 4 IN CLASS 300 BODY SS304,NOS,UNBRAKO,PN-VAL-001,VALVE
CPSE_D,SAIL-ST-VAL-02274,FLANGED GATE VALVE 4 IN CL 300,KG,TATA,PN-VAL-001,VALVE
CPSE_D,SAIL-ST-VAL-02275,VALVE GATE 4 IN CLASS 300 SS304 FLANGED,KG,UNBRAKO,PN-VAL-001,VALVE
CPSE_D,SAIL-ST-VAL-02276,GATE VALVE 4 IN CL 300 SS304,KG,L&T,PN-VAL-001,VALVE
CPSE_D,SAIL-ST-VAL-02277,VLV GATE 4 IN # 300 SS304 FLANGED,SET,FAG,PN-VAL-001,VALVE
CPSE_D,SAIL-ST-VAL-02278,VALVE GATE 4 IN CLASS 300 BODY SS304,PC,UNBRAKO,PN-VAL-001,VALVE
CPSE_D,SAIL-ST-VAL-02279,FLANGED GATE VALVE 4 IN CL 300,PC,HAVELS,PN-VAL-001,VALVE
CPSE_D,SAIL-ST-VAL-02280,VALVE GATE 4 IN CLASS 300 SS304 FLANGED,SET,UNBRAKO,PN-VAL-001,VALVE
CPSE_D,SAIL-ST-VAL-02281,GATE VALVE 4 IN CL 300 SS304,EA,L&T,PN-VAL-001,VALVE
CPSE_D,SAIL-ST-VAL-02282,VLV GATE 4 IN # 300 SS304 FLANGED,SET,HAVELS,PN-VAL-001,VALVE
CPSE_D,SAIL-ST-VAL-02283,VALVE GATE 4 IN CLASS 300 BODY SS304,SET,FAG,PN-VAL-001,VALVE
CPSE_D,SAIL-ST-VAL-02284,FLANGED GATE VALVE 4 IN CL 300,SET,FAG,PN-VAL-001,VALVE
CPSE_D,SAIL-ST-VAL-02285,VALVE GLOBE 2 IN CLASS 300 BODY CARBON_STEEL,PC,TATA,PN-VAL-002,VALVE
CPSE_D,SAIL-ST-VAL-02286,FLANGED GLOBE VALVE 2 IN CL 300,EA,GENERIC,PN-VAL-002,VALVE
CPSE_D,SAIL-ST-VAL-02287,VALVE GLOBE 2 IN CLASS 300 CARBON_STEEL FLANGED,MTR,SKF,PN-VAL-002,VALVE
CPSE_D,SAIL-ST-VAL-02288,GLOBE VALVE 2 IN CL 300 CARBON_STEEL,KG,L&T,PN-VAL-002,VALVE
CPSE_D,SAIL-ST-VAL-02289,VLV GLOBE 2 IN # 300 CARBON_STEEL FLANGED,EA,GENERIC,PN-VAL-002,VALVE
CPSE_D,SAIL-ST-VAL-02290,VALVE GLOBE 2 IN CLASS 300 BODY CARBON_STEEL,SET,TATA,PN-VAL-002,VALVE
CPSE_D,SAIL-ST-VAL-02291,FLANGED GLOBE VALVE 2 IN CL 300,KG,UNBRAKO,PN-VAL-002,VALVE
CPSE_D,SAIL-ST-VAL-02292,VALVE GLOBE 2 IN CLASS 300 CARBON_STEEL FLANGED,SET,L&T,PN-VAL-002,VALVE
CPSE_D,SAIL-ST-VAL-02293,GLOBE VALVE 2 IN CL 300 CARBON_STEEL,NOS,HAVELS,PN-VAL-002,VALVE
CPSE_D,SAIL-ST-VAL-02294,VLV GLOBE 2 IN # 300 CARBON_STEEL FLANGED,PC,HAVELS,PN-VAL-002,VALVE
CPSE_D,SAIL-ST-VAL-02295,VALVE GLOBE 2 IN CLASS 300 BODY CARBON_STEEL,PC,GENERIC,PN-VAL-002,VALVE
CPSE_D,SAIL-ST-VAL-02296,FLANGED GLOBE VALVE 2 IN CL 300,SET,UNBRAKO,PN-VAL-002,VALVE
CPSE_D,SAIL-ST-VAL-02297,VALVE CHECK 3 IN CLASS 150 BODY SS316,SET,UNBRAKO,PN-VAL-003,VALVE
CPSE_D,SAIL-ST-VAL-02298,FLANGED CHECK VALVE 3 IN CL 150,SET,FAG,PN-VAL-003,VALVE
CPSE_D,SAIL-ST-VAL-02299,VALVE CHECK 3 IN CLASS 150 SS316 FLANGED,MTR,HAVELS,PN-VAL-003,VALVE
CPSE_D,SAIL-ST-VAL-02300,CHECK VALVE 3 IN CL 150 SS316,SET,FAG,PN-VAL-003,VALVE
CPSE_D,SAIL-ST-VAL-02301,VLV CHECK 3 IN # 150 SS316 FLANGED,SET,SKF,PN-VAL-003,VALVE
CPSE_D,SAIL-ST-VAL-02302,VALVE CHECK 3 IN CLASS 150 BODY SS316,PC,UNBRAKO,PN-VAL-003,VALVE
CPSE_D,SAIL-ST-VAL-02303,FLANGED CHECK VALVE 3 IN CL 150,PC,GENERIC,PN-VAL-003,VALVE
CPSE_D,SAIL-ST-VAL-02304,VALVE CHECK 3 IN CLASS 150 SS316 FLANGED,NOS,FAG,PN-VAL-003,VALVE
CPSE_D,SAIL-ST-VAL-02305,CHECK VALVE 3 IN CL 150 SS316,NOS,HAVELS,PN-VAL-003,VALVE
CPSE_D,SAIL-ST-VAL-02306,VLV CHECK 3 IN # 150 SS316 FLANGED,NOS,HAVELS,PN-VAL-003,VALVE
CPSE_D,SAIL-ST-VAL-02307,VALVE CHECK 3 IN CLASS 150 BODY SS316,EA,UNBRAKO,PN-VAL-003,VALVE
CPSE_D,SAIL-ST-VAL-02308,FLANGED CHECK VALVE 3 IN CL 150,MTR,L&T,PN-VAL-003,VALVE
CPSE_D,SAIL-ST-VAL-02309,VALVE BALL 1 IN CLASS 800 BODY FORGED_STEEL,MTR,UNBRAKO,PN-VAL-004,VALVE
CPSE_D,SAIL-ST-VAL-02310,FLANGED BALL VALVE 1 IN CL 800,MTR,UNBRAKO,PN-VAL-004,VALVE
CPSE_D,SAIL-ST-VAL-02311,VALVE BALL 1 IN CLASS 800 FORGED_STEEL SOCKET_WELD,SET,L&T,PN-VAL-004,VALVE
CPSE_D,SAIL-ST-VAL-02312,BALL VALVE 1 IN CL 800 FORGED_STEEL,PC,FAG,PN-VAL-004,VALVE
CPSE_D,SAIL-ST-VAL-02313,VLV BALL 1 IN # 800 FORGED_STEEL SOCKET_WELD,PC,SKF,PN-VAL-004,VALVE
CPSE_D,SAIL-ST-VAL-02314,VALVE BALL 1 IN CLASS 800 BODY FORGED_STEEL,MTR,HAVELS,PN-VAL-004,VALVE
CPSE_D,SAIL-ST-VAL-02315,FLANGED BALL VALVE 1 IN CL 800,PC,SKF,PN-VAL-004,VALVE
CPSE_D,SAIL-ST-VAL-02316,VALVE BALL 1 IN CLASS 800 FORGED_STEEL SOCKET_WELD,EA,SKF,PN-VAL-004,VALVE
CPSE_D,SAIL-ST-VAL-02317,BALL VALVE 1 IN CL 800 FORGED_STEEL,SET,HAVELS,PN-VAL-004,VALVE
CPSE_D,SAIL-ST-VAL-02318,VLV BALL 1 IN # 800 FORGED_STEEL SOCKET_WELD,PC,L&T,PN-VAL-004,VALVE
CPSE_D,SAIL-ST-VAL-02319,VALVE BALL 1 IN CLASS 800 BODY FORGED_STEEL,KG,HAVELS,PN-VAL-004,VALVE
CPSE_D,SAIL-ST-VAL-02320,FLANGED BALL VALVE 1 IN CL 800,KG,GENERIC,PN-VAL-004,VALVE
CPSE_D,SAIL-ST-GAS-02321,GASKET 4 IN 150 LB SS304,MTR,GENERIC,PN-GAS-000,GASKET
CPSE_D,SAIL-ST-GAS-02322,GASKET 4 IN 150 LB SS304,EA,SKF,PN-GAS-000,GASKET
CPSE_D,SAIL-ST-GAS-02323,GASKET SPIRAL WOUND 4 IN CLASS 150 SS304,SET,FAG,PN-GAS-000,GASKET
CPSE_D,SAIL-ST-GAS-02324,GSKT SPIRAL WOUND 4 IN CL150 SS304,PC,GENERIC,PN-GAS-000,GASKET
CPSE_D,SAIL-ST-GAS-02325,SPIRAL WOUND GASKET 4 IN 150 # SS304,SET,TATA,PN-GAS-000,GASKET
CPSE_D,SAIL-ST-GAS-02326,GASKET 4 IN 150 LB SS304,PC,FAG,PN-GAS-000,GASKET
CPSE_D,SAIL-ST-GAS-02327,GASKET 4 IN 150 LB SS304,EA,TATA,PN-GAS-000,GASKET
CPSE_D,SAIL-ST-GAS-02328,GASKET SPIRAL WOUND 4 IN CLASS 150 SS304,KG,L&T,PN-GAS-000,GASKET
CPSE_D,SAIL-ST-GAS-02329,GSKT SPIRAL WOUND 4 IN CL150 SS304,NOS,GENERIC,PN-GAS-000,GASKET
CPSE_D,SAIL-ST-GAS-02330,SPIRAL WOUND GASKET 4 IN 150 # SS304,SET,SKF,PN-GAS-000,GASKET
CPSE_D,SAIL-ST-GAS-02331,GASKET 4 IN 150 LB SS304,EA,UNBRAKO,PN-GAS-000,GASKET
CPSE_D,SAIL-ST-GAS-02332,GASKET 4 IN 150 LB SS304,KG,GENERIC,PN-GAS-000,GASKET
CPSE_D,SAIL-ST-GAS-02333,GASKET 4 IN 300 LB SS304,NOS,TATA,PN-GAS-001,GASKET
CPSE_D,SAIL-ST-GAS-02334,GASKET 4 IN 300 LB SS304,KG,FAG,PN-GAS-001,GASKET
CPSE_D,SAIL-ST-GAS-02335,GASKET SPIRAL WOUND 4 IN CLASS 300 SS304,EA,UNBRAKO,PN-GAS-001,GASKET
CPSE_D,SAIL-ST-GAS-02336,GSKT SPIRAL WOUND 4 IN CL300 SS304,PC,GENERIC,PN-GAS-001,GASKET
CPSE_D,SAIL-ST-GAS-02337,SPIRAL WOUND GASKET 4 IN 300 # SS304,KG,UNBRAKO,PN-GAS-001,GASKET
CPSE_D,SAIL-ST-GAS-02338,GASKET 4 IN 300 LB SS304,PC,GENERIC,PN-GAS-001,GASKET
CPSE_D,SAIL-ST-GAS-02339,GASKET 4 IN 300 LB SS304,PC,UNBRAKO,PN-GAS-001,GASKET
CPSE_D,SAIL-ST-GAS-02340,GASKET SPIRAL WOUND 4 IN CLASS 300 SS304,KG,GENERIC,PN-GAS-001,GASKET
CPSE_D,SAIL-ST-GAS-02341,GSKT SPIRAL WOUND 4 IN CL300 SS304,PC,HAVELS,PN-GAS-001,GASKET
CPSE_D,SAIL-ST-GAS-02342,SPIRAL WOUND GASKET 4 IN 300 # SS304,EA,GENERIC,PN-GAS-001,GASKET
CPSE_D,SAIL-ST-GAS-02343,GASKET 4 IN 300 LB SS304,PC,UNBRAKO,PN-GAS-001,GASKET
CPSE_D,SAIL-ST-GAS-02344,GASKET 4 IN 300 LB SS304,EA,FAG,PN-GAS-001,GASKET
CPSE_D,SAIL-ST-GAS-02345,GASKET 2 IN 150 LB CAF,NOS,GENERIC,PN-GAS-002,GASKET
CPSE_D,SAIL-ST-GAS-02346,GASKET 2 IN 150 LB CAF,PC,HAVELS,PN-GAS-002,GASKET
CPSE_D,SAIL-ST-GAS-02347,GASKET FLAT RING 2 IN CLASS 150 CAF,MTR,UNBRAKO,PN-GAS-002,GASKET
CPSE_D,SAIL-ST-GAS-02348,GSKT FLAT RING 2 IN CL150 CAF,SET,HAVELS,PN-GAS-002,GASKET
CPSE_D,SAIL-ST-GAS-02349,SPIRAL WOUND GASKET 2 IN 150 # CAF,KG,TATA,PN-GAS-002,GASKET
CPSE_D,SAIL-ST-GAS-02350,GASKET 2 IN 150 LB CAF,MTR,UNBRAKO,PN-GAS-002,GASKET
CPSE_D,SAIL-ST-GAS-02351,GASKET 2 IN 150 LB CAF,MTR,HAVELS,PN-GAS-002,GASKET
CPSE_D,SAIL-ST-GAS-02352,GASKET FLAT RING 2 IN CLASS 150 CAF,KG,TATA,PN-GAS-002,GASKET
CPSE_D,SAIL-ST-GAS-02353,GSKT FLAT RING 2 IN CL150 CAF,EA,UNBRAKO,PN-GAS-002,GASKET
CPSE_D,SAIL-ST-GAS-02354,SPIRAL WOUND GASKET 2 IN 150 # CAF,MTR,TATA,PN-GAS-002,GASKET
CPSE_D,SAIL-ST-GAS-02355,GASKET 2 IN 150 LB CAF,NOS,FAG,PN-GAS-002,GASKET
CPSE_D,SAIL-ST-GAS-02356,GASKET 2 IN 150 LB CAF,MTR,FAG,PN-GAS-002,GASKET
CPSE_D,SAIL-ST-GAS-02357,GASKET 3 IN 600 LB SS316,EA,L&T,PN-GAS-003,GASKET
CPSE_D,SAIL-ST-GAS-02358,GASKET 3 IN 600 LB SS316,KG,FAG,PN-GAS-003,GASKET
CPSE_D,SAIL-ST-GAS-02359,GASKET RTJ 3 IN CLASS 600 SS316,PC,HAVELS,PN-GAS-003,GASKET
CPSE_D,SAIL-ST-GAS-02360,GSKT RTJ 3 IN CL600 SS316,MTR,TATA,PN-GAS-003,GASKET
CPSE_D,SAIL-ST-GAS-02361,SPIRAL WOUND GASKET 3 IN 600 # SS316,EA,FAG,PN-GAS-003,GASKET
CPSE_D,SAIL-ST-GAS-02362,GASKET 3 IN 600 LB SS316,EA,L&T,PN-GAS-003,GASKET
CPSE_D,SAIL-ST-GAS-02363,GASKET 3 IN 600 LB SS316,KG,HAVELS,PN-GAS-003,GASKET
CPSE_D,SAIL-ST-GAS-02364,GASKET RTJ 3 IN CLASS 600 SS316,PC,HAVELS,PN-GAS-003,GASKET
CPSE_D,SAIL-ST-GAS-02365,GSKT RTJ 3 IN CL600 SS316,KG,L&T,PN-GAS-003,GASKET
CPSE_D,SAIL-ST-GAS-02366,SPIRAL WOUND GASKET 3 IN 600 # SS316,NOS,SKF,PN-GAS-003,GASKET
CPSE_D,SAIL-ST-GAS-02367,GASKET 3 IN 600 LB SS316,NOS,SKF,PN-GAS-003,GASKET
CPSE_D,SAIL-ST-GAS-02368,GASKET 3 IN 600 LB SS316,KG,SKF,PN-GAS-003,GASKET
CPSE_D,SAIL-ST-GAS-02369,GASKET 6 IN 150 LB EPDM,EA,SKF,PN-GAS-004,GASKET
CPSE_D,SAIL-ST-GAS-02370,GASKET 6 IN 150 LB EPDM,EA,UNBRAKO,PN-GAS-004,GASKET
CPSE_D,SAIL-ST-GAS-02371,GASKET FULL FACE 6 IN CLASS 150 EPDM,PC,UNBRAKO,PN-GAS-004,GASKET
CPSE_D,SAIL-ST-GAS-02372,GSKT FULL FACE 6 IN CL150 EPDM,KG,SKF,PN-GAS-004,GASKET
CPSE_D,SAIL-ST-GAS-02373,SPIRAL WOUND GASKET 6 IN 150 # EPDM,MTR,SKF,PN-GAS-004,GASKET
CPSE_D,SAIL-ST-GAS-02374,GASKET 6 IN 150 LB EPDM,EA,L&T,PN-GAS-004,GASKET
CPSE_D,SAIL-ST-GAS-02375,GASKET 6 IN 150 LB EPDM,EA,UNBRAKO,PN-GAS-004,GASKET
CPSE_D,SAIL-ST-GAS-02376,GASKET FULL FACE 6 IN CLASS 150 EPDM,EA,HAVELS,PN-GAS-004,GASKET
CPSE_D,SAIL-ST-GAS-02377,GSKT FULL FACE 6 IN CL150 EPDM,SET,SKF,PN-GAS-004,GASKET
CPSE_D,SAIL-ST-GAS-02378,SPIRAL WOUND GASKET 6 IN 150 # EPDM,SET,UNBRAKO,PN-GAS-004,GASKET
CPSE_D,SAIL-ST-GAS-02379,GASKET 6 IN 150 LB EPDM,NOS,TATA,PN-GAS-004,GASKET
CPSE_D,SAIL-ST-GAS-02380,GASKET 6 IN 150 LB EPDM,PC,L&T,PN-GAS-004,GASKET
CPSE_D,SAIL-ST-CAB-02381,POWER CABLE 4C X 16 SQMM COPPER 1.1KV,NOS,L&T,PN-CAB-000,CABLE
CPSE_D,SAIL-ST-CAB-02382,POWER CABLE 4C X 16 SQMM COPPER 1.1KV,EA,GENERIC,PN-CAB-000,CABLE
CPSE_D,SAIL-ST-CAB-02383,CABLE 4C X 16 SQMM COPPER XLPE 1.1KV ARMOURED,PC,HAVELS,PN-CAB-000,CABLE
CPSE_D,SAIL-ST-CAB-02384,CBL 4 CORE 16 MM2 COPPER 1.1KV ARMOURED,MTR,UNBRAKO,PN-CAB-000,CABLE
CPSE_D,SAIL-ST-CAB-02385,CABLE 4C * 16 SQMM COPPER XLPE 1.1KV,SET,GENERIC,PN-CAB-000,CABLE
CPSE_D,SAIL-ST-CAB-02386,POWER CABLE 4C X 16 SQMM COPPER 1.1KV,MTR,HAVELS,PN-CAB-000,CABLE
CPSE_D,SAIL-ST-CAB-02387,POWER CABLE 4C X 16 SQMM COPPER 1.1KV,KG,HAVELS,PN-CAB-000,CABLE
CPSE_D,SAIL-ST-CAB-02388,CABLE 4C X 16 SQMM COPPER XLPE 1.1KV ARMOURED,NOS,GENERIC,PN-CAB-000,CABLE
CPSE_D,SAIL-ST-CAB-02389,CBL 4 CORE 16 MM2 COPPER 1.1KV ARMOURED,MTR,L&T,PN-CAB-000,CABLE
CPSE_D,SAIL-ST-CAB-02390,CABLE 4C * 16 SQMM COPPER XLPE 1.1KV,EA,GENERIC,PN-CAB-000,CABLE
CPSE_D,SAIL-ST-CAB-02391,POWER CABLE 4C X 16 SQMM COPPER 1.1KV,EA,FAG,PN-CAB-000,CABLE
CPSE_D,SAIL-ST-CAB-02392,POWER CABLE 4C X 16 SQMM COPPER 1.1KV,PC,FAG,PN-CAB-000,CABLE
CPSE_D,SAIL-ST-CAB-02393,POWER CABLE 3.5C X 16 SQMM COPPER 1.1KV,KG,UNBRAKO,PN-CAB-001,CABLE
CPSE_D,SAIL-ST-CAB-02394,POWER CABLE 3.5C X 16 SQMM COPPER 1.1KV,SET,FAG,PN-CAB-001,CABLE
CPSE_D,SAIL-ST-CAB-02395,CABLE 3.5C X 16 SQMM COPPER XLPE 1.1KV ARMOURED,SET,GENERIC,PN-CAB-001,CABLE
CPSE_D,SAIL-ST-CAB-02396,CBL 3.5 CORE 16 MM2 COPPER 1.1KV ARMOURED,NOS,UNBRAKO,PN-CAB-001,CABLE
CPSE_D,SAIL-ST-CAB-02397,CABLE 3.5C * 16 SQMM COPPER XLPE 1.1KV,SET,L&T,PN-CAB-001,CABLE
CPSE_D,SAIL-ST-CAB-02398,POWER CABLE 3.5C X 16 SQMM COPPER 1.1KV,SET,FAG,PN-CAB-001,CABLE
CPSE_D,SAIL-ST-CAB-02399,POWER CABLE 3.5C X 16 SQMM COPPER 1.1KV,EA,HAVELS,PN-CAB-001,CABLE
CPSE_D,SAIL-ST-CAB-02400,CABLE 3.5C X 16 SQMM COPPER XLPE 1.1KV ARMOURED,PC,L&T,PN-CAB-001,CABLE
CPSE_D,SAIL-ST-CAB-02401,CBL 3.5 CORE 16 MM2 COPPER 1.1KV ARMOURED,NOS,L&T,PN-CAB-001,CABLE
CPSE_D,SAIL-ST-CAB-02402,CABLE 3.5C * 16 SQMM COPPER XLPE 1.1KV,PC,SKF,PN-CAB-001,CABLE
CPSE_D,SAIL-ST-CAB-02403,POWER CABLE 3.5C X 16 SQMM COPPER 1.1KV,NOS,HAVELS,PN-CAB-001,CABLE
CPSE_D,SAIL-ST-CAB-02404,POWER CABLE 3.5C X 16 SQMM COPPER 1.1KV,NOS,UNBRAKO,PN-CAB-001,CABLE
CPSE_D,SAIL-ST-CAB-02405,POWER CABLE 3.5C X 95 SQMM ALUMINIUM 1.1KV,KG,FAG,PN-CAB-002,CABLE
CPSE_D,SAIL-ST-CAB-02406,POWER CABLE 3.5C X 95 SQMM ALUMINIUM 1.1KV,EA,TATA,PN-CAB-002,CABLE
CPSE_D,SAIL-ST-CAB-02407,CABLE 3.5C X 95 SQMM ALUMINIUM XLPE 1.1KV ARMOURED,SET,L&T,PN-CAB-002,CABLE
CPSE_D,SAIL-ST-CAB-02408,CBL 3.5 CORE 95 MM2 ALUMINIUM 1.1KV ARMOURED,EA,HAVELS,PN-CAB-002,CABLE
CPSE_D,SAIL-ST-CAB-02409,CABLE 3.5C * 95 SQMM ALUMINIUM XLPE 1.1KV,MTR,GENERIC,PN-CAB-002,CABLE
CPSE_D,SAIL-ST-CAB-02410,POWER CABLE 3.5C X 95 SQMM ALUMINIUM 1.1KV,NOS,TATA,PN-CAB-002,CABLE
CPSE_D,SAIL-ST-CAB-02411,POWER CABLE 3.5C X 95 SQMM ALUMINIUM 1.1KV,KG,TATA,PN-CAB-002,CABLE
CPSE_D,SAIL-ST-CAB-02412,CABLE 3.5C X 95 SQMM ALUMINIUM XLPE 1.1KV ARMOURED,KG,TATA,PN-CAB-002,CABLE
CPSE_D,SAIL-ST-CAB-02413,CBL 3.5 CORE 95 MM2 ALUMINIUM 1.1KV ARMOURED,PC,GENERIC,PN-CAB-002,CABLE
CPSE_D,SAIL-ST-CAB-02414,CABLE 3.5C * 95 SQMM ALUMINIUM XLPE 1.1KV,NOS,TATA,PN-CAB-002,CABLE
CPSE_D,SAIL-ST-CAB-02415,POWER CABLE 3.5C X 95 SQMM ALUMINIUM 1.1KV,NOS,GENERIC,PN-CAB-002,CABLE
CPSE_D,SAIL-ST-CAB-02416,POWER CABLE 3.5C X 95 SQMM ALUMINIUM 1.1KV,MTR,GENERIC,PN-CAB-002,CABLE
CPSE_D,SAIL-ST-CAB-02417,POWER CABLE 2C X 2.5 SQMM COPPER 1.1KV,NOS,HAVELS,PN-CAB-003,CABLE
CPSE_D,SAIL-ST-CAB-02418,POWER CABLE 2C X 2.5 SQMM COPPER 1.1KV,KG,L&T,PN-CAB-003,CABLE
CPSE_D,SAIL-ST-CAB-02419,CABLE 2C X 2.5 SQMM COPPER PVC 1.1KV UNARMOURED,SET,FAG,PN-CAB-003,CABLE
CPSE_D,SAIL-ST-CAB-02420,CBL 2 CORE 2.5 MM2 COPPER 1.1KV UNARMOURED,KG,UNBRAKO,PN-CAB-003,CABLE
CPSE_D,SAIL-ST-CAB-02421,CABLE 2C * 2.5 SQMM COPPER PVC 1.1KV,NOS,SKF,PN-CAB-003,CABLE
CPSE_D,SAIL-ST-CAB-02422,POWER CABLE 2C X 2.5 SQMM COPPER 1.1KV,SET,L&T,PN-CAB-003,CABLE
CPSE_D,SAIL-ST-CAB-02423,POWER CABLE 2C X 2.5 SQMM COPPER 1.1KV,NOS,TATA,PN-CAB-003,CABLE
CPSE_D,SAIL-ST-CAB-02424,CABLE 2C X 2.5 SQMM COPPER PVC 1.1KV UNARMOURED,SET,TATA,PN-CAB-003,CABLE
CPSE_D,SAIL-ST-CAB-02425,CBL 2 CORE 2.5 MM2 COPPER 1.1KV UNARMOURED,EA,SKF,PN-CAB-003,CABLE
CPSE_D,SAIL-ST-CAB-02426,CABLE 2C * 2.5 SQMM COPPER PVC 1.1KV,SET,GENERIC,PN-CAB-003,CABLE
CPSE_D,SAIL-ST-CAB-02427,POWER CABLE 2C X 2.5 SQMM COPPER 1.1KV,KG,HAVELS,PN-CAB-003,CABLE
CPSE_D,SAIL-ST-CAB-02428,POWER CABLE 2C X 2.5 SQMM COPPER 1.1KV,EA,TATA,PN-CAB-003,CABLE
CPSE_D,SAIL-ST-CAB-02429,POWER CABLE 3C X 185 SQMM ALUMINIUM 11KV,PC,TATA,PN-CAB-004,CABLE
CPSE_D,SAIL-ST-CAB-02430,POWER CABLE 3C X 185 SQMM ALUMINIUM 11KV,PC,SKF,PN-CAB-004,CABLE
CPSE_D,SAIL-ST-CAB-02431,CABLE 3C X 185 SQMM ALUMINIUM XLPE 11KV ARMOURED,NOS,SKF,PN-CAB-004,CABLE
CPSE_D,SAIL-ST-CAB-02432,CBL 3 CORE 185 MM2 ALUMINIUM 11KV ARMOURED,EA,FAG,PN-CAB-004,CABLE
CPSE_D,SAIL-ST-CAB-02433,CABLE 3C * 185 SQMM ALUMINIUM XLPE 11KV,MTR,SKF,PN-CAB-004,CABLE
CPSE_D,SAIL-ST-CAB-02434,POWER CABLE 3C X 185 SQMM ALUMINIUM 11KV,SET,GENERIC,PN-CAB-004,CABLE
CPSE_D,SAIL-ST-CAB-02435,POWER CABLE 3C X 185 SQMM ALUMINIUM 11KV,MTR,UNBRAKO,PN-CAB-004,CABLE
CPSE_D,SAIL-ST-CAB-02436,CABLE 3C X 185 SQMM ALUMINIUM XLPE 11KV ARMOURED,PC,TATA,PN-CAB-004,CABLE
CPSE_D,SAIL-ST-CAB-02437,CBL 3 CORE 185 MM2 ALUMINIUM 11KV ARMOURED,KG,GENERIC,PN-CAB-004,CABLE
CPSE_D,SAIL-ST-CAB-02438,CABLE 3C * 185 SQMM ALUMINIUM XLPE 11KV,NOS,GENERIC,PN-CAB-004,CABLE
CPSE_D,SAIL-ST-CAB-02439,POWER CABLE 3C X 185 SQMM ALUMINIUM 11KV,SET,SKF,PN-CAB-004,CABLE
CPSE_D,SAIL-ST-CAB-02440,POWER CABLE 3C X 185 SQMM ALUMINIUM 11KV,PC,HAVELS,PN-CAB-004,CABLE
CPSE_E,BHEL-E-BOL-02441,BOLT M10X50 8.8 SS304,MTR,FAG,PN-BOL-000,BOLT
CPSE_E,BHEL-E-BOL-02442,HEX BOLT M10X50 SS304 GR 8.8 IS 1363,SET,FAG,PN-BOL-000,BOLT
CPSE_E,BHEL-E-BOL-02443,BOLT HEX M10 X 50 SS304 8.8 IS 1363,SET,TATA,PN-BOL-000,BOLT
CPSE_E,BHEL-E-BOL-02444,HEX HEAD BOLT M10X50 MM SS304 GRADE 8.8,PC,SKF,PN-BOL-000,BOLT
CPSE_E,BHEL-E-BOL-02445,FASTENER HEX BOLT M10 * 50 SS304 CLASS 8.8,SET,GENERIC,PN-BOL-000,BOLT
CPSE_E,BHEL-E-BOL-02446,BOLT M10X50 8.8 SS304,PC,FAG,PN-BOL-000,BOLT
CPSE_E,BHEL-E-BOL-02447,HEX BOLT M10X50 SS304 GR 8.8 IS 1363,PC,UNBRAKO,PN-BOL-000,BOLT
CPSE_E,BHEL-E-BOL-02448,BOLT HEX M10 X 50 SS304 8.8 IS 1363,SET,HAVELS,PN-BOL-000,BOLT
CPSE_E,BHEL-E-BOL-02449,HEX HEAD BOLT M10X50 MM SS304 GRADE 8.8,KG,FAG,PN-BOL-000,BOLT
CPSE_E,BHEL-E-BOL-02450,FASTENER HEX BOLT M10 * 50 SS304 CLASS 8.8,MTR,SKF,PN-BOL-000,BOLT
CPSE_E,BHEL-E-BOL-02451,BOLT M10X50 8.8 SS304,PC,TATA,PN-BOL-000,BOLT
CPSE_E,BHEL-E-BOL-02452,HEX BOLT M10X50 SS304 GR 8.8 IS 1363,PC,GENERIC,PN-BOL-000,BOLT
CPSE_E,BHEL-E-BOL-02453,BOLT M12X60 10.9 SS316,MTR,SKF,PN-BOL-001,BOLT
CPSE_E,BHEL-E-BOL-02454,HEX BOLT M12X60 SS316 GR 10.9 ISO 4014,NOS,HAVELS,PN-BOL-001,BOLT
CPSE_E,BHEL-E-BOL-02455,BOLT HEX M12 X 60 SS316 10.9 ISO 4014,PC,UNBRAKO,PN-BOL-001,BOLT
CPSE_E,BHEL-E-BOL-02456,HEX HEAD BOLT M12X60 MM SS316 GRADE 10.9,MTR,HAVELS,PN-BOL-001,BOLT
CPSE_E,BHEL-E-BOL-02457,FASTENER HEX BOLT M12 * 60 SS316 CLASS 10.9,MTR,HAVELS,PN-BOL-001,BOLT
CPSE_E,BHEL-E-BOL-02458,BOLT M12X60 10.9 SS316,PC,SKF,PN-BOL-001,BOLT
CPSE_E,BHEL-E-BOL-02459,HEX BOLT M12X60 SS316 GR 10.9 ISO 4014,MTR,HAVELS,PN-BOL-001,BOLT
CPSE_E,BHEL-E-BOL-02460,BOLT HEX M12 X 60 SS316 10.9 ISO 4014,EA,GENERIC,PN-BOL-001,BOLT
CPSE_E,BHEL-E-BOL-02461,HEX HEAD BOLT M12X60 MM SS316 GRADE 10.9,KG,FAG,PN-BOL-001,BOLT
CPSE_E,BHEL-E-BOL-02462,FASTENER HEX BOLT M12 * 60 SS316 CLASS 10.9,SET,TATA,PN-BOL-001,BOLT
CPSE_E,BHEL-E-BOL-02463,BOLT M12X60 10.9 SS316,KG,L&T,PN-BOL-001,BOLT
CPSE_E,BHEL-E-BOL-02464,HEX BOLT M12X60 SS316 GR 10.9 ISO 4014,PC,L&T,PN-BOL-001,BOLT
CPSE_E,BHEL-E-BOL-02465,BOLT M16X70 8.8 CARBON_STEEL,KG,FAG,PN-BOL-002,BOLT
CPSE_E,BHEL-E-BOL-02466,HEX BOLT M16X70 CARBON_STEEL GR 8.8 DIN 931,SET,HAVELS,PN-BOL-002,BOLT
CPSE_E,BHEL-E-BOL-02467,BOLT HEX M16 X 70 CARBON_STEEL 8.8 DIN 931,KG,TATA,PN-BOL-002,BOLT
CPSE_E,BHEL-E-BOL-02468,HEX HEAD BOLT M16X70 MM CARBON_STEEL GRADE 8.8,PC,UNBRAKO,PN-BOL-002,BOLT
CPSE_E,BHEL-E-BOL-02469,FASTENER HEX BOLT M16 * 70 CARBON_STEEL CLASS 8.8,PC,L&T,PN-BOL-002,BOLT
CPSE_E,BHEL-E-BOL-02470,BOLT M16X70 8.8 CARBON_STEEL,PC,SKF,PN-BOL-002,BOLT
CPSE_E,BHEL-E-BOL-02471,HEX BOLT M16X70 CARBON_STEEL GR 8.8 DIN 931,NOS,GENERIC,PN-BOL-002,BOLT
CPSE_E,BHEL-E-BOL-02472,BOLT HEX M16 X 70 CARBON_STEEL 8.8 DIN 931,PC,SKF,PN-BOL-002,BOLT
CPSE_E,BHEL-E-BOL-02473,HEX HEAD BOLT M16X70 MM CARBON_STEEL GRADE 8.8,MTR,SKF,PN-BOL-002,BOLT
CPSE_E,BHEL-E-BOL-02474,FASTENER HEX BOLT M16 * 70 CARBON_STEEL CLASS 8.8,MTR,SKF,PN-BOL-002,BOLT
CPSE_E,BHEL-E-BOL-02475,BOLT M16X70 8.8 CARBON_STEEL,KG,GENERIC,PN-BOL-002,BOLT
CPSE_E,BHEL-E-BOL-02476,HEX BOLT M16X70 CARBON_STEEL GR 8.8 DIN 931,SET,HAVELS,PN-BOL-002,BOLT
CPSE_E,BHEL-E-BOL-02477,BOLT M20X100 A2-70 SS304,SET,TATA,PN-BOL-003,BOLT
CPSE_E,BHEL-E-BOL-02478,STUD BOLT M20X100 SS304 GR A2-70 ASME B18.31.2,KG,FAG,PN-BOL-003,BOLT
CPSE_E,BHEL-E-BOL-02479,BOLT HEX M20 X 100 SS304 A2-70 ASME B18.31.2,MTR,HAVELS,PN-BOL-003,BOLT
CPSE_E,BHEL-E-BOL-02480,HEX HEAD BOLT M20X100 MM SS304 GRADE A2-70,KG,L&T,PN-BOL-003,BOLT
CPSE_E,BHEL-E-BOL-02481,FASTENER STUD BOLT M20 * 100 SS304 CLASS A2-70,MTR,TATA,PN-BOL-003,BOLT
CPSE_E,BHEL-E-BOL-02482,BOLT M20X100 A2-70 SS304,KG,L&T,PN-BOL-003,BOLT
CPSE_E,BHEL-E-BOL-02483,STUD BOLT M20X100 SS304 GR A2-70 ASME B18.31.2,EA,GENERIC,PN-BOL-003,BOLT
CPSE_E,BHEL-E-BOL-02484,BOLT HEX M20 X 100 SS304 A2-70 ASME B18.31.2,MTR,L&T,PN-BOL-003,BOLT
CPSE_E,BHEL-E-BOL-02485,HEX HEAD BOLT M20X100 MM SS304 GRADE A2-70,NOS,SKF,PN-BOL-003,BOLT
CPSE_E,BHEL-E-BOL-02486,FASTENER STUD BOLT M20 * 100 SS304 CLASS A2-70,PC,FAG,PN-BOL-003,BOLT
CPSE_E,BHEL-E-BOL-02487,BOLT M20X100 A2-70 SS304,EA,SKF,PN-BOL-003,BOLT
CPSE_E,BHEL-E-BOL-02488,STUD BOLT M20X100 SS304 GR A2-70 ASME B18.31.2,PC,FAG,PN-BOL-003,BOLT
CPSE_E,BHEL-E-BOL-02489,BOLT M8X30 12.9 ALLOY_STEEL,NOS,HAVELS,PN-BOL-004,BOLT
CPSE_E,BHEL-E-BOL-02490,CAP SCREW M8X30 ALLOY_STEEL GR 12.9 DIN 912,EA,FAG,PN-BOL-004,BOLT
CPSE_E,BHEL-E-BOL-02491,BOLT HEX M8 X 30 ALLOY_STEEL 12.9 DIN 912,NOS,TATA,PN-BOL-004,BOLT
CPSE_E,BHEL-E-BOL-02492,HEX HEAD BOLT M8X30 MM ALLOY_STEEL GRADE 12.9,MTR,GENERIC,PN-BOL-004,BOLT
CPSE_E,BHEL-E-BOL-02493,FASTENER CAP SCREW M8 * 30 ALLOY_STEEL CLASS 12.9,PC,FAG,PN-BOL-004,BOLT
CPSE_E,BHEL-E-BOL-02494,BOLT M8X30 12.9 ALLOY_STEEL,SET,HAVELS,PN-BOL-004,BOLT
CPSE_E,BHEL-E-BOL-02495,CAP SCREW M8X30 ALLOY_STEEL GR 12.9 DIN 912,MTR,HAVELS,PN-BOL-004,BOLT
CPSE_E,BHEL-E-BOL-02496,BOLT HEX M8 X 30 ALLOY_STEEL 12.9 DIN 912,MTR,FAG,PN-BOL-004,BOLT
CPSE_E,BHEL-E-BOL-02497,HEX HEAD BOLT M8X30 MM ALLOY_STEEL GRADE 12.9,PC,L&T,PN-BOL-004,BOLT
CPSE_E,BHEL-E-BOL-02498,FASTENER CAP SCREW M8 * 30 ALLOY_STEEL CLASS 12.9,MTR,FAG,PN-BOL-004,BOLT
CPSE_E,BHEL-E-BOL-02499,BOLT M8X30 12.9 ALLOY_STEEL,NOS,UNBRAKO,PN-BOL-004,BOLT
CPSE_E,BHEL-E-BOL-02500,CAP SCREW M8X30 ALLOY_STEEL GR 12.9 DIN 912,KG,FAG,PN-BOL-004,BOLT
CPSE_E,BHEL-E-PIP-02501,TUBING 4 IN SCH_40 A106_GR_B,NOS,TATA,PN-PIP-000,PIPE
CPSE_E,BHEL-E-PIP-02502,PIPE 4 IN SCH_40 SEAMLESS A106_GR_B ASTM A106,NOS,FAG,PN-PIP-000,PIPE
CPSE_E,BHEL-E-PIP-02503,SEAMLESS PIPE 4 IN SCH_40 A106_GR_B,SET,TATA,PN-PIP-000,PIPE
CPSE_E,BHEL-E-PIP-02504,PIPE CS 4 IN SCH_40 SEAMLESS SPEC A106_GR_B,KG,FAG,PN-PIP-000,PIPE
CPSE_E,BHEL-E-PIP-02505,4 IN PIPE A106_GR_B SCH_40 SEAMLESS,SET,L&T,PN-PIP-000,PIPE
CPSE_E,BHEL-E-PIP-02506,TUBING 4 IN SCH_40 A106_GR_B,NOS,UNBRAKO,PN-PIP-000,PIPE
CPSE_E,BHEL-E-PIP-02507,PIPE 4 IN SCH_40 SEAMLESS A106_GR_B ASTM A106,SET,L&T,PN-PIP-000,PIPE
CPSE_E,BHEL-E-PIP-02508,SEAMLESS PIPE 4 IN SCH_40 A106_GR_B,KG,FAG,PN-PIP-000,PIPE
CPSE_E,BHEL-E-PIP-02509,PIPE CS 4 IN SCH_40 SEAMLESS SPEC A106_GR_B,SET,TATA,PN-PIP-000,PIPE
CPSE_E,BHEL-E-PIP-02510,4 IN PIPE A106_GR_B SCH_40 SEAMLESS,PC,TATA,PN-PIP-000,PIPE
CPSE_E,BHEL-E-PIP-02511,TUBING 4 IN SCH_40 A106_GR_B,KG,HAVELS,PN-PIP-000,PIPE
CPSE_E,BHEL-E-PIP-02512,PIPE 4 IN SCH_40 SEAMLESS A106_GR_B ASTM A106,EA,FAG,PN-PIP-000,PIPE
CPSE_E,BHEL-E-PIP-02513,TUBING 4 IN SCH_80 A106_GR_B,KG,HAVELS,PN-PIP-001,PIPE
CPSE_E,BHEL-E-PIP-02514,PIPE 4 IN SCH_80 SEAMLESS A106_GR_B ASTM A106,NOS,GENERIC,PN-PIP-001,PIPE
CPSE_E,BHEL-E-PIP-02515,SEAMLESS PIPE 4 IN SCH_80 A106_GR_B,MTR,TATA,PN-PIP-001,PIPE
CPSE_E,BHEL-E-PIP-02516,PIPE CS 4 IN SCH_80 SEAMLESS SPEC A106_GR_B,MTR,TATA,PN-PIP-001,PIPE
CPSE_E,BHEL-E-PIP-02517,4 IN PIPE A106_GR_B SCH_80 SEAMLESS,EA,L&T,PN-PIP-001,PIPE
CPSE_E,BHEL-E-PIP-02518,TUBING 4 IN SCH_80 A106_GR_B,KG,HAVELS,PN-PIP-001,PIPE
CPSE_E,BHEL-E-PIP-02519,PIPE 4 IN SCH_80 SEAMLESS A106_GR_B ASTM A106,NOS,FAG,PN-PIP-001,PIPE
CPSE_E,BHEL-E-PIP-02520,SEAMLESS PIPE 4 IN SCH_80 A106_GR_B,SET,SKF,PN-PIP-001,PIPE
CPSE_E,BHEL-E-PIP-02521,PIPE CS 4 IN SCH_80 SEAMLESS SPEC A106_GR_B,PC,L&T,PN-PIP-001,PIPE
CPSE_E,BHEL-E-PIP-02522,4 IN PIPE A106_GR_B SCH_80 SEAMLESS,SET,L&T,PN-PIP-001,PIPE
CPSE_E,BHEL-E-PIP-02523,TUBING 4 IN SCH_80 A106_GR_B,PC,UNBRAKO,PN-PIP-001,PIPE
CPSE_E,BHEL-E-PIP-02524,PIPE 4 IN SCH_80 SEAMLESS A106_GR_B ASTM A106,NOS,TATA,PN-PIP-001,PIPE
CPSE_E,BHEL-E-PIP-02525,TUBING 2 IN SCH_40 A53_GR_B,KG,HAVELS,PN-PIP-002,PIPE
CPSE_E,BHEL-E-PIP-02526,PIPE 2 IN SCH_40 ERW A53_GR_B ASTM A53,MTR,GENERIC,PN-PIP-002,PIPE
CPSE_E,BHEL-E-PIP-02527,SEAMLESS PIPE 2 IN SCH_40 A53_GR_B,NOS,FAG,PN-PIP-002,PIPE
CPSE_E,BHEL-E-PIP-02528,PIPE CS 2 IN SCH_40 ERW SPEC A53_GR_B,MTR,GENERIC,PN-PIP-002,PIPE
CPSE_E,BHEL-E-PIP-02529,2 IN PIPE A53_GR_B SCH_40 ERW,KG,FAG,PN-PIP-002,PIPE
CPSE_E,BHEL-E-PIP-02530,TUBING 2 IN SCH_40 A53_GR_B,SET,SKF,PN-PIP-002,PIPE
CPSE_E,BHEL-E-PIP-02531,PIPE 2 IN SCH_40 ERW A53_GR_B ASTM A53,SET,UNBRAKO,PN-PIP-002,PIPE
CPSE_E,BHEL-E-PIP-02532,SEAMLESS PIPE 2 IN SCH_40 A53_GR_B,KG,UNBRAKO,PN-PIP-002,PIPE
CPSE_E,BHEL-E-PIP-02533,PIPE CS 2 IN SCH_40 ERW SPEC A53_GR_B,NOS,L&T,PN-PIP-002,PIPE
CPSE_E,BHEL-E-PIP-02534,2 IN PIPE A53_GR_B SCH_40 ERW,SET,FAG,PN-PIP-002,PIPE
CPSE_E,BHEL-E-PIP-02535,TUBING 2 IN SCH_40 A53_GR_B,SET,L&T,PN-PIP-002,PIPE
CPSE_E,BHEL-E-PIP-02536,PIPE 2 IN SCH_40 ERW A53_GR_B ASTM A53,NOS,L&T,PN-PIP-002,PIPE
CPSE_E,BHEL-E-PIP-02537,TUBING 6 IN SCH_80 API_5L_X52,EA,HAVELS,PN-PIP-003,PIPE
CPSE_E,BHEL-E-PIP-02538,PIPE 6 IN SCH_80 SEAMLESS API_5L_X52 API 5L,KG,L&T,PN-PIP-003,PIPE
CPSE_E,BHEL-E-PIP-02539,SEAMLESS PIPE 6 IN SCH_80 API_5L_X52,NOS,TATA,PN-PIP-003,PIPE
CPSE_E,BHEL-E-PIP-02540,PIPE CS 6 IN SCH_80 SEAMLESS SPEC API_5L_X52,PC,L&T,PN-PIP-003,PIPE
CPSE_E,BHEL-E-PIP-02541,6 IN PIPE API_5L_X52 SCH_80 SEAMLESS,PC,L&T,PN-PIP-003,PIPE
CPSE_E,BHEL-E-PIP-02542,TUBING 6 IN SCH_80 API_5L_X52,MTR,HAVELS,PN-PIP-003,PIPE
CPSE_E,BHEL-E-PIP-02543,PIPE 6 IN SCH_80 SEAMLESS API_5L_X52 API 5L,MTR,GENERIC,PN-PIP-003,PIPE
CPSE_E,BHEL-E-PIP-02544,SEAMLESS PIPE 6 IN SCH_80 API_5L_X52,KG,TATA,PN-PIP-003,PIPE
CPSE_E,BHEL-E-PIP-02545,PIPE CS 6 IN SCH_80 SEAMLESS SPEC API_5L_X52,KG,HAVELS,PN-PIP-003,PIPE
CPSE_E,BHEL-E-PIP-02546,6 IN PIPE API_5L_X52 SCH_80 SEAMLESS,MTR,SKF,PN-PIP-003,PIPE
CPSE_E,BHEL-E-PIP-02547,TUBING 6 IN SCH_80 API_5L_X52,NOS,FAG,PN-PIP-003,PIPE
CPSE_E,BHEL-E-PIP-02548,PIPE 6 IN SCH_80 SEAMLESS API_5L_X52 API 5L,NOS,HAVELS,PN-PIP-003,PIPE
CPSE_E,BHEL-E-PIP-02549,TUBING 3 IN SCH_10S SS304,EA,FAG,PN-PIP-004,PIPE
CPSE_E,BHEL-E-PIP-02550,PIPE 3 IN SCH_10S SEAMLESS SS304 ASTM A312,SET,TATA,PN-PIP-004,PIPE
CPSE_E,BHEL-E-PIP-02551,SEAMLESS PIPE 3 IN SCH_10S SS304,NOS,SKF,PN-PIP-004,PIPE
CPSE_E,BHEL-E-PIP-02552,PIPE CS 3 IN SCH_10S SEAMLESS SPEC SS304,SET,TATA,PN-PIP-004,PIPE
CPSE_E,BHEL-E-PIP-02553,3 IN PIPE SS304 SCH_10S SEAMLESS,EA,TATA,PN-PIP-004,PIPE
CPSE_E,BHEL-E-PIP-02554,TUBING 3 IN SCH_10S SS304,PC,GENERIC,PN-PIP-004,PIPE
CPSE_E,BHEL-E-PIP-02555,PIPE 3 IN SCH_10S SEAMLESS SS304 ASTM A312,EA,GENERIC,PN-PIP-004,PIPE
CPSE_E,BHEL-E-PIP-02556,SEAMLESS PIPE 3 IN SCH_10S SS304,SET,HAVELS,PN-PIP-004,PIPE
CPSE_E,BHEL-E-PIP-02557,PIPE CS 3 IN SCH_10S SEAMLESS SPEC SS304,PC,FAG,PN-PIP-004,PIPE
CPSE_E,BHEL-E-PIP-02558,3 IN PIPE SS304 SCH_10S SEAMLESS,MTR,FAG,PN-PIP-004,PIPE
CPSE_E,BHEL-E-PIP-02559,TUBING 3 IN SCH_10S SS304,EA,GENERIC,PN-PIP-004,PIPE
CPSE_E,BHEL-E-PIP-02560,PIPE 3 IN SCH_10S SEAMLESS SS304 ASTM A312,PC,L&T,PN-PIP-004,PIPE
CPSE_E,BHEL-E-BEA-02561,BRG 6205 2RS (25* 52* 15),EA,GENERIC,PN-BEA-000,BEARING
CPSE_E,BHEL-E-BEA-02562,BEARING 6205-2RS C3 (25X52X15 MM),NOS,HAVELS,PN-BEA-000,BEARING
CPSE_E,BHEL-E-BEA-02563,BRG DEEP GROOVE BALL 6205 2RS,SET,TATA,PN-BEA-000,BEARING
CPSE_E,BHEL-E-BEA-02564,BALL BEARING 6205 2RS C3,MTR,FAG,PN-BEA-000,BEARING
CPSE_E,BHEL-E-BEA-02565,BEARING 6205 2RS CLEARANCE C3,MTR,FAG,PN-BEA-000,BEARING
CPSE_E,BHEL-E-BEA-02566,BRG 6205 2RS (25* 52* 15),KG,FAG,PN-BEA-000,BEARING
CPSE_E,BHEL-E-BEA-02567,BEARING 6205-2RS C3 (25X52X15 MM),KG,UNBRAKO,PN-BEA-000,BEARING
CPSE_E,BHEL-E-BEA-02568,BRG DEEP GROOVE BALL 6205 2RS,SET,TATA,PN-BEA-000,BEARING
CPSE_E,BHEL-E-BEA-02569,BALL BEARING 6205 2RS C3,PC,L&T,PN-BEA-000,BEARING
CPSE_E,BHEL-E-BEA-02570,BEARING 6205 2RS CLEARANCE C3,MTR,SKF,PN-BEA-000,BEARING
CPSE_E,BHEL-E-BEA-02571,BRG 6205 2RS (25* 52* 15),MTR,SKF,PN-BEA-000,BEARING
CPSE_E,BHEL-E-BEA-02572,BEARING 6205-2RS C3 (25X52X15 MM),PC,GENERIC,PN-BEA-000,BEARING
CPSE_E,BHEL-E-BEA-02573,BRG 6205 ZZ (25* 52* 15),EA,FAG,PN-BEA-001,BEARING
CPSE_E,BHEL-E-BEA-02574,BEARING 6205-ZZ C3 (25X52X15 MM),PC,GENERIC,PN-BEA-001,BEARING
CPSE_E,BHEL-E-BEA-02575,BRG DEEP GROOVE BALL 6205 ZZ,EA,UNBRAKO,PN-BEA-001,BEARING
CPSE_E,BHEL-E-BEA-02576,BALL BEARING 6205 ZZ C3,EA,SKF,PN-BEA-001,BEARING
CPSE_E,BHEL-E-BEA-02577,BEARING 6205 ZZ CLEARANCE C3,KG,GENERIC,PN-BEA-001,BEARING
CPSE_E,BHEL-E-BEA-02578,BRG 6205 ZZ (25* 52* 15),KG,HAVELS,PN-BEA-001,BEARING
CPSE_E,BHEL-E-BEA-02579,BEARING 6205-ZZ C3 (25X52X15 MM),PC,GENERIC,PN-BEA-001,BEARING
CPSE_E,BHEL-E-BEA-02580,BRG DEEP GROOVE BALL 6205 ZZ,KG,UNBRAKO,PN-BEA-001,BEARING
CPSE_E,BHEL-E-BEA-02581,BALL BEARING 6205 ZZ C3,EA,TATA,PN-BEA-001,BEARING
CPSE_E,BHEL-E-BEA-02582,BEARING 6205 ZZ CLEARANCE C3,MTR,L&T,PN-BEA-001,BEARING
CPSE_E,BHEL-E-BEA-02583,BRG 6205 ZZ (25* 52* 15),NOS,SKF,PN-BEA-001,BEARING
CPSE_E,BHEL-E-BEA-02584,BEARING 6205-ZZ C3 (25X52X15 MM),SET,FAG,PN-BEA-001,BEARING
CPSE_E,BHEL-E-BEA-02585,BRG 6308 OPEN (40* 90* 23),MTR,GENERIC,PN-BEA-002,BEARING
CPSE_E,BHEL-E-BEA-02586,BEARING 6308-OPEN CN (40X90X23 MM),PC,TATA,PN-BEA-002,BEARING
CPSE_E,BHEL-E-BEA-02587,BRG DEEP GROOVE BALL 6308 OPEN,PC,L&T,PN-BEA-002,BEARING
CPSE_E,BHEL-E-BEA-02588,BALL BEARING 6308 OPEN CN,PC,L&T,PN-BEA-002,BEARING
CPSE_E,BHEL-E-BEA-02589,BEARING 6308 OPEN CLEARANCE CN,EA,FAG,PN-BEA-002,BEARING
CPSE_E,BHEL-E-BEA-02590,BRG 6308 OPEN (40* 90* 23),NOS,SKF,PN-BEA-002,BEARING
CPSE_E,BHEL-E-BEA-02591,BEARING 6308-OPEN CN (40X90X23 MM),EA,UNBRAKO,PN-BEA-002,BEARING
CPSE_E,BHEL-E-BEA-02592,BRG DEEP GROOVE BALL 6308 OPEN,NOS,TATA,PN-BEA-002,BEARING
CPSE_E,BHEL-E-BEA-02593,BALL BEARING 6308 OPEN CN,EA,SKF,PN-BEA-002,BEARING
CPSE_E,BHEL-E-BEA-02594,BEARING 6308 OPEN CLEARANCE CN,PC,L&T,PN-BEA-002,BEARING
CPSE_E,BHEL-E-BEA-02595,BRG 6308 OPEN (40* 90* 23),EA,UNBRAKO,PN-BEA-002,BEARING
CPSE_E,BHEL-E-BEA-02596,BEARING 6308-OPEN CN (40X90X23 MM),SET,GENERIC,PN-BEA-002,BEARING
CPSE_E,BHEL-E-BEA-02597,BRG 30205 OPEN (25* 52* 16.25),KG,HAVELS,PN-BEA-003,BEARING
CPSE_E,BHEL-E-BEA-02598,BEARING 30205-OPEN CN (25X52X16.25 MM),EA,L&T,PN-BEA-003,BEARING
CPSE_E,BHEL-E-BEA-02599,BRG DEEP GROOVE BALL 30205 OPEN,NOS,TATA,PN-BEA-003,BEARING
CPSE_E,BHEL-E-BEA-02600,BALL BEARING 30205 OPEN CN,PC,L&T,PN-BEA-003,BEARING
CPSE_E,BHEL-E-BEA-02601,BEARING 30205 OPEN CLEARANCE CN,NOS,HAVELS,PN-BEA-003,BEARING
CPSE_E,BHEL-E-BEA-02602,BRG 30205 OPEN (25* 52* 16.25),SET,L&T,PN-BEA-003,BEARING
CPSE_E,BHEL-E-BEA-02603,BEARING 30205-OPEN CN (25X52X16.25 MM),EA,L&T,PN-BEA-003,BEARING
CPSE_E,BHEL-E-BEA-02604,BRG DEEP GROOVE BALL 30205 OPEN,KG,L&T,PN-BEA-003,BEARING
CPSE_E,BHEL-E-BEA-02605,BALL BEARING 30205 OPEN CN,PC,HAVELS,PN-BEA-003,BEARING
CPSE_E,BHEL-E-BEA-02606,BEARING 30205 OPEN CLEARANCE CN,SET,GENERIC,PN-BEA-003,BEARING
CPSE_E,BHEL-E-BEA-02607,BRG 30205 OPEN (25* 52* 16.25),MTR,GENERIC,PN-BEA-003,BEARING
CPSE_E,BHEL-E-BEA-02608,BEARING 30205-OPEN CN (25X52X16.25 MM),PC,TATA,PN-BEA-003,BEARING
CPSE_E,BHEL-E-BEA-02609,BRG 22210 OPEN (50* 90* 23),KG,HAVELS,PN-BEA-004,BEARING
CPSE_E,BHEL-E-BEA-02610,BEARING 22210-OPEN C3 (50X90X23 MM),KG,FAG,PN-BEA-004,BEARING
CPSE_E,BHEL-E-BEA-02611,BRG DEEP GROOVE BALL 22210 OPEN,PC,UNBRAKO,PN-BEA-004,BEARING
CPSE_E,BHEL-E-BEA-02612,BALL BEARING 22210 OPEN C3,SET,FAG,PN-BEA-004,BEARING
CPSE_E,BHEL-E-BEA-02613,BEARING 22210 OPEN CLEARANCE C3,EA,FAG,PN-BEA-004,BEARING
CPSE_E,BHEL-E-BEA-02614,BRG 22210 OPEN (50* 90* 23),MTR,UNBRAKO,PN-BEA-004,BEARING
CPSE_E,BHEL-E-BEA-02615,BEARING 22210-OPEN C3 (50X90X23 MM),EA,UNBRAKO,PN-BEA-004,BEARING
CPSE_E,BHEL-E-BEA-02616,BRG DEEP GROOVE BALL 22210 OPEN,SET,SKF,PN-BEA-004,BEARING
CPSE_E,BHEL-E-BEA-02617,BALL BEARING 22210 OPEN C3,SET,HAVELS,PN-BEA-004,BEARING
CPSE_E,BHEL-E-BEA-02618,BEARING 22210 OPEN CLEARANCE C3,KG,SKF,PN-BEA-004,BEARING
CPSE_E,BHEL-E-BEA-02619,BRG 22210 OPEN (50* 90* 23),SET,GENERIC,PN-BEA-004,BEARING
CPSE_E,BHEL-E-BEA-02620,BEARING 22210-OPEN C3 (50X90X23 MM),EA,UNBRAKO,PN-BEA-004,BEARING
CPSE_E,BHEL-E-VAL-02621,FLANGED GATE VALVE 4 IN CL 150,EA,HAVELS,PN-VAL-000,VALVE
CPSE_E,BHEL-E-VAL-02622,VALVE GATE 4 IN CLASS 150 SS304 FLANGED,KG,TATA,PN-VAL-000,VALVE
CPSE_E,BHEL-E-VAL-02623,GATE VALVE 4 IN CL 150 SS304,PC,L&T,PN-VAL-000,VALVE
CPSE_E,BHEL-E-VAL-02624,VLV GATE 4 IN # 150 SS304 FLANGED,SET,UNBRAKO,PN-VAL-000,VALVE
CPSE_E,BHEL-E-VAL-02625,VALVE GATE 4 IN CLASS 150 BODY SS304,EA,UNBRAKO,PN-VAL-000,VALVE
CPSE_E,BHEL-E-VAL-02626,FLANGED GATE VALVE 4 IN CL 150,EA,FAG,PN-VAL-000,VALVE
CPSE_E,BHEL-E-VAL-02627,VALVE GATE 4 IN CLASS 150 SS304 FLANGED,NOS,TATA,PN-VAL-000,VALVE
CPSE_E,BHEL-E-VAL-02628,GATE VALVE 4 IN CL 150 SS304,KG,L&T,PN-VAL-000,VALVE
CPSE_E,BHEL-E-VAL-02629,VLV GATE 4 IN # 150 SS304 FLANGED,NOS,L&T,PN-VAL-000,VALVE
CPSE_E,BHEL-E-VAL-02630,VALVE GATE 4 IN CLASS 150 BODY SS304,EA,HAVELS,PN-VAL-000,VALVE
CPSE_E,BHEL-E-VAL-02631,FLANGED GATE VALVE 4 IN CL 150,PC,UNBRAKO,PN-VAL-000,VALVE
CPSE_E,BHEL-E-VAL-02632,VALVE GATE 4 IN CLASS 150 SS304 FLANGED,MTR,HAVELS,PN-VAL-000,VALVE
CPSE_E,BHEL-E-VAL-02633,FLANGED GATE VALVE 4 IN CL 300,NOS,L&T,PN-VAL-001,VALVE
CPSE_E,BHEL-E-VAL-02634,VALVE GATE 4 IN CLASS 300 SS304 FLANGED,KG,FAG,PN-VAL-001,VALVE
CPSE_E,BHEL-E-VAL-02635,GATE VALVE 4 IN CL 300 SS304,PC,FAG,PN-VAL-001,VALVE
CPSE_E,BHEL-E-VAL-02636,VLV GATE 4 IN # 300 SS304 FLANGED,KG,UNBRAKO,PN-VAL-001,VALVE
CPSE_E,BHEL-E-VAL-02637,VALVE GATE 4 IN CLASS 300 BODY SS304,EA,SKF,PN-VAL-001,VALVE
CPSE_E,BHEL-E-VAL-02638,FLANGED GATE VALVE 4 IN CL 300,KG,GENERIC,PN-VAL-001,VALVE
CPSE_E,BHEL-E-VAL-02639,VALVE GATE 4 IN CLASS 300 SS304 FLANGED,PC,TATA,PN-VAL-001,VALVE
CPSE_E,BHEL-E-VAL-02640,GATE VALVE 4 IN CL 300 SS304,MTR,GENERIC,PN-VAL-001,VALVE
CPSE_E,BHEL-E-VAL-02641,VLV GATE 4 IN # 300 SS304 FLANGED,KG,UNBRAKO,PN-VAL-001,VALVE
CPSE_E,BHEL-E-VAL-02642,VALVE GATE 4 IN CLASS 300 BODY SS304,NOS,HAVELS,PN-VAL-001,VALVE
CPSE_E,BHEL-E-VAL-02643,FLANGED GATE VALVE 4 IN CL 300,EA,L&T,PN-VAL-001,VALVE
CPSE_E,BHEL-E-VAL-02644,VALVE GATE 4 IN CLASS 300 SS304 FLANGED,NOS,FAG,PN-VAL-001,VALVE
CPSE_E,BHEL-E-VAL-02645,FLANGED GLOBE VALVE 2 IN CL 300,EA,FAG,PN-VAL-002,VALVE
CPSE_E,BHEL-E-VAL-02646,VALVE GLOBE 2 IN CLASS 300 CARBON_STEEL FLANGED,MTR,FAG,PN-VAL-002,VALVE
CPSE_E,BHEL-E-VAL-02647,GLOBE VALVE 2 IN CL 300 CARBON_STEEL,NOS,SKF,PN-VAL-002,VALVE
CPSE_E,BHEL-E-VAL-02648,VLV GLOBE 2 IN # 300 CARBON_STEEL FLANGED,SET,L&T,PN-VAL-002,VALVE
CPSE_E,BHEL-E-VAL-02649,VALVE GLOBE 2 IN CLASS 300 BODY CARBON_STEEL,NOS,GENERIC,PN-VAL-002,VALVE
CPSE_E,BHEL-E-VAL-02650,FLANGED GLOBE VALVE 2 IN CL 300,EA,L&T,PN-VAL-002,VALVE
CPSE_E,BHEL-E-VAL-02651,VALVE GLOBE 2 IN CLASS 300 CARBON_STEEL FLANGED,PC,FAG,PN-VAL-002,VALVE
CPSE_E,BHEL-E-VAL-02652,GLOBE VALVE 2 IN CL 300 CARBON_STEEL,PC,TATA,PN-VAL-002,VALVE
CPSE_E,BHEL-E-VAL-02653,VLV GLOBE 2 IN # 300 CARBON_STEEL FLANGED,NOS,UNBRAKO,PN-VAL-002,VALVE
CPSE_E,BHEL-E-VAL-02654,VALVE GLOBE 2 IN CLASS 300 BODY CARBON_STEEL,SET,FAG,PN-VAL-002,VALVE
CPSE_E,BHEL-E-VAL-02655,FLANGED GLOBE VALVE 2 IN CL 300,PC,HAVELS,PN-VAL-002,VALVE
CPSE_E,BHEL-E-VAL-02656,VALVE GLOBE 2 IN CLASS 300 CARBON_STEEL FLANGED,NOS,FAG,PN-VAL-002,VALVE
CPSE_E,BHEL-E-VAL-02657,FLANGED CHECK VALVE 3 IN CL 150,PC,GENERIC,PN-VAL-003,VALVE
CPSE_E,BHEL-E-VAL-02658,VALVE CHECK 3 IN CLASS 150 SS316 FLANGED,KG,HAVELS,PN-VAL-003,VALVE
CPSE_E,BHEL-E-VAL-02659,CHECK VALVE 3 IN CL 150 SS316,KG,TATA,PN-VAL-003,VALVE
CPSE_E,BHEL-E-VAL-02660,VLV CHECK 3 IN # 150 SS316 FLANGED,KG,HAVELS,PN-VAL-003,VALVE
CPSE_E,BHEL-E-VAL-02661,VALVE CHECK 3 IN CLASS 150 BODY SS316,PC,TATA,PN-VAL-003,VALVE
CPSE_E,BHEL-E-VAL-02662,FLANGED CHECK VALVE 3 IN CL 150,NOS,HAVELS,PN-VAL-003,VALVE
CPSE_E,BHEL-E-VAL-02663,VALVE CHECK 3 IN CLASS 150 SS316 FLANGED,NOS,L&T,PN-VAL-003,VALVE
CPSE_E,BHEL-E-VAL-02664,CHECK VALVE 3 IN CL 150 SS316,PC,HAVELS,PN-VAL-003,VALVE
CPSE_E,BHEL-E-VAL-02665,VLV CHECK 3 IN # 150 SS316 FLANGED,PC,HAVELS,PN-VAL-003,VALVE
CPSE_E,BHEL-E-VAL-02666,VALVE CHECK 3 IN CLASS 150 BODY SS316,PC,GENERIC,PN-VAL-003,VALVE
CPSE_E,BHEL-E-VAL-02667,FLANGED CHECK VALVE 3 IN CL 150,NOS,TATA,PN-VAL-003,VALVE
CPSE_E,BHEL-E-VAL-02668,VALVE CHECK 3 IN CLASS 150 SS316 FLANGED,KG,FAG,PN-VAL-003,VALVE
CPSE_E,BHEL-E-VAL-02669,FLANGED BALL VALVE 1 IN CL 800,EA,SKF,PN-VAL-004,VALVE
CPSE_E,BHEL-E-VAL-02670,VALVE BALL 1 IN CLASS 800 FORGED_STEEL SOCKET_WELD,EA,L&T,PN-VAL-004,VALVE
CPSE_E,BHEL-E-VAL-02671,BALL VALVE 1 IN CL 800 FORGED_STEEL,EA,UNBRAKO,PN-VAL-004,VALVE
CPSE_E,BHEL-E-VAL-02672,VLV BALL 1 IN # 800 FORGED_STEEL SOCKET_WELD,SET,HAVELS,PN-VAL-004,VALVE
CPSE_E,BHEL-E-VAL-02673,VALVE BALL 1 IN CLASS 800 BODY FORGED_STEEL,PC,UNBRAKO,PN-VAL-004,VALVE
CPSE_E,BHEL-E-VAL-02674,FLANGED BALL VALVE 1 IN CL 800,NOS,L&T,PN-VAL-004,VALVE
CPSE_E,BHEL-E-VAL-02675,VALVE BALL 1 IN CLASS 800 FORGED_STEEL SOCKET_WELD,NOS,SKF,PN-VAL-004,VALVE
CPSE_E,BHEL-E-VAL-02676,BALL VALVE 1 IN CL 800 FORGED_STEEL,EA,L&T,PN-VAL-004,VALVE
CPSE_E,BHEL-E-VAL-02677,VLV BALL 1 IN # 800 FORGED_STEEL SOCKET_WELD,SET,FAG,PN-VAL-004,VALVE
CPSE_E,BHEL-E-VAL-02678,VALVE BALL 1 IN CLASS 800 BODY FORGED_STEEL,PC,HAVELS,PN-VAL-004,VALVE
CPSE_E,BHEL-E-VAL-02679,FLANGED BALL VALVE 1 IN CL 800,KG,FAG,PN-VAL-004,VALVE
CPSE_E,BHEL-E-VAL-02680,VALVE BALL 1 IN CLASS 800 FORGED_STEEL SOCKET_WELD,NOS,UNBRAKO,PN-VAL-004,VALVE
CPSE_E,BHEL-E-GAS-02681,GASKET 4 IN 150 LB SS304,MTR,UNBRAKO,PN-GAS-000,GASKET
CPSE_E,BHEL-E-GAS-02682,GASKET SPIRAL WOUND 4 IN CLASS 150 SS304,SET,L&T,PN-GAS-000,GASKET
CPSE_E,BHEL-E-GAS-02683,GSKT SPIRAL WOUND 4 IN CL150 SS304,KG,TATA,PN-GAS-000,GASKET
CPSE_E,BHEL-E-GAS-02684,SPIRAL WOUND GASKET 4 IN 150 # SS304,NOS,GENERIC,PN-GAS-000,GASKET
CPSE_E,BHEL-E-GAS-02685,GASKET 4 IN 150 LB SS304,SET,HAVELS,PN-GAS-000,GASKET
CPSE_E,BHEL-E-GAS-02686,GASKET 4 IN 150 LB SS304,SET,HAVELS,PN-GAS-000,GASKET
CPSE_E,BHEL-E-GAS-02687,GASKET SPIRAL WOUND 4 IN CLASS 150 SS304,MTR,TATA,PN-GAS-000,GASKET
CPSE_E,BHEL-E-GAS-02688,GSKT SPIRAL WOUND 4 IN CL150 SS304,EA,FAG,PN-GAS-000,GASKET
CPSE_E,BHEL-E-GAS-02689,SPIRAL WOUND GASKET 4 IN 150 # SS304,EA,FAG,PN-GAS-000,GASKET
CPSE_E,BHEL-E-GAS-02690,GASKET 4 IN 150 LB SS304,EA,TATA,PN-GAS-000,GASKET
CPSE_E,BHEL-E-GAS-02691,GASKET 4 IN 150 LB SS304,KG,UNBRAKO,PN-GAS-000,GASKET
CPSE_E,BHEL-E-GAS-02692,GASKET SPIRAL WOUND 4 IN CLASS 150 SS304,EA,HAVELS,PN-GAS-000,GASKET
CPSE_E,BHEL-E-GAS-02693,GASKET 4 IN 300 LB SS304,MTR,HAVELS,PN-GAS-001,GASKET
CPSE_E,BHEL-E-GAS-02694,GASKET SPIRAL WOUND 4 IN CLASS 300 SS304,MTR,GENERIC,PN-GAS-001,GASKET
CPSE_E,BHEL-E-GAS-02695,GSKT SPIRAL WOUND 4 IN CL300 SS304,KG,HAVELS,PN-GAS-001,GASKET
CPSE_E,BHEL-E-GAS-02696,SPIRAL WOUND GASKET 4 IN 300 # SS304,EA,TATA,PN-GAS-001,GASKET
CPSE_E,BHEL-E-GAS-02697,GASKET 4 IN 300 LB SS304,NOS,SKF,PN-GAS-001,GASKET
CPSE_E,BHEL-E-GAS-02698,GASKET 4 IN 300 LB SS304,PC,TATA,PN-GAS-001,GASKET
CPSE_E,BHEL-E-GAS-02699,GASKET SPIRAL WOUND 4 IN CLASS 300 SS304,NOS,L&T,PN-GAS-001,GASKET
CPSE_E,BHEL-E-GAS-02700,GSKT SPIRAL WOUND 4 IN CL300 SS304,PC,GENERIC,PN-GAS-001,GASKET
CPSE_E,BHEL-E-GAS-02701,SPIRAL WOUND GASKET 4 IN 300 # SS304,EA,UNBRAKO,PN-GAS-001,GASKET
CPSE_E,BHEL-E-GAS-02702,GASKET 4 IN 300 LB SS304,EA,GENERIC,PN-GAS-001,GASKET
CPSE_E,BHEL-E-GAS-02703,GASKET 4 IN 300 LB SS304,EA,L&T,PN-GAS-001,GASKET
CPSE_E,BHEL-E-GAS-02704,GASKET SPIRAL WOUND 4 IN CLASS 300 SS304,MTR,HAVELS,PN-GAS-001,GASKET
CPSE_E,BHEL-E-GAS-02705,GASKET 2 IN 150 LB CAF,SET,SKF,PN-GAS-002,GASKET
CPSE_E,BHEL-E-GAS-02706,GASKET FLAT RING 2 IN CLASS 150 CAF,EA,GENERIC,PN-GAS-002,GASKET
CPSE_E,BHEL-E-GAS-02707,GSKT FLAT RING 2 IN CL150 CAF,SET,HAVELS,PN-GAS-002,GASKET
CPSE_E,BHEL-E-GAS-02708,SPIRAL WOUND GASKET 2 IN 150 # CAF,SET,SKF,PN-GAS-002,GASKET
CPSE_E,BHEL-E-GAS-02709,GASKET 2 IN 150 LB CAF,SET,UNBRAKO,PN-GAS-002,GASKET
CPSE_E,BHEL-E-GAS-02710,GASKET 2 IN 150 LB CAF,KG,GENERIC,PN-GAS-002,GASKET
CPSE_E,BHEL-E-GAS-02711,GASKET FLAT RING 2 IN CLASS 150 CAF,MTR,GENERIC,PN-GAS-002,GASKET
CPSE_E,BHEL-E-GAS-02712,GSKT FLAT RING 2 IN CL150 CAF,MTR,TATA,PN-GAS-002,GASKET
CPSE_E,BHEL-E-GAS-02713,SPIRAL WOUND GASKET 2 IN 150 # CAF,EA,TATA,PN-GAS-002,GASKET
CPSE_E,BHEL-E-GAS-02714,GASKET 2 IN 150 LB CAF,KG,GENERIC,PN-GAS-002,GASKET
CPSE_E,BHEL-E-GAS-02715,GASKET 2 IN 150 LB CAF,KG,GENERIC,PN-GAS-002,GASKET
CPSE_E,BHEL-E-GAS-02716,GASKET FLAT RING 2 IN CLASS 150 CAF,SET,TATA,PN-GAS-002,GASKET
CPSE_E,BHEL-E-GAS-02717,GASKET 3 IN 600 LB SS316,MTR,FAG,PN-GAS-003,GASKET
CPSE_E,BHEL-E-GAS-02718,GASKET RTJ 3 IN CLASS 600 SS316,NOS,TATA,PN-GAS-003,GASKET
CPSE_E,BHEL-E-GAS-02719,GSKT RTJ 3 IN CL600 SS316,KG,GENERIC,PN-GAS-003,GASKET
CPSE_E,BHEL-E-GAS-02720,SPIRAL WOUND GASKET 3 IN 600 # SS316,PC,HAVELS,PN-GAS-003,GASKET
CPSE_E,BHEL-E-GAS-02721,GASKET 3 IN 600 LB SS316,NOS,UNBRAKO,PN-GAS-003,GASKET
CPSE_E,BHEL-E-GAS-02722,GASKET 3 IN 600 LB SS316,MTR,L&T,PN-GAS-003,GASKET
CPSE_E,BHEL-E-GAS-02723,GASKET RTJ 3 IN CLASS 600 SS316,MTR,TATA,PN-GAS-003,GASKET
CPSE_E,BHEL-E-GAS-02724,GSKT RTJ 3 IN CL600 SS316,EA,UNBRAKO,PN-GAS-003,GASKET
CPSE_E,BHEL-E-GAS-02725,SPIRAL WOUND GASKET 3 IN 600 # SS316,KG,UNBRAKO,PN-GAS-003,GASKET
CPSE_E,BHEL-E-GAS-02726,GASKET 3 IN 600 LB SS316,NOS,L&T,PN-GAS-003,GASKET
CPSE_E,BHEL-E-GAS-02727,GASKET 3 IN 600 LB SS316,KG,UNBRAKO,PN-GAS-003,GASKET
CPSE_E,BHEL-E-GAS-02728,GASKET RTJ 3 IN CLASS 600 SS316,MTR,FAG,PN-GAS-003,GASKET
CPSE_E,BHEL-E-GAS-02729,GASKET 6 IN 150 LB EPDM,MTR,TATA,PN-GAS-004,GASKET
CPSE_E,BHEL-E-GAS-02730,GASKET FULL FACE 6 IN CLASS 150 EPDM,NOS,UNBRAKO,PN-GAS-004,GASKET
CPSE_E,BHEL-E-GAS-02731,GSKT FULL FACE 6 IN CL150 EPDM,MTR,TATA,PN-GAS-004,GASKET
CPSE_E,BHEL-E-GAS-02732,SPIRAL WOUND GASKET 6 IN 150 # EPDM,NOS,L&T,PN-GAS-004,GASKET
CPSE_E,BHEL-E-GAS-02733,GASKET 6 IN 150 LB EPDM,EA,L&T,PN-GAS-004,GASKET
CPSE_E,BHEL-E-GAS-02734,GASKET 6 IN 150 LB EPDM,MTR,L&T,PN-GAS-004,GASKET
CPSE_E,BHEL-E-GAS-02735,GASKET FULL FACE 6 IN CLASS 150 EPDM,NOS,TATA,PN-GAS-004,GASKET
CPSE_E,BHEL-E-GAS-02736,GSKT FULL FACE 6 IN CL150 EPDM,EA,L&T,PN-GAS-004,GASKET
CPSE_E,BHEL-E-GAS-02737,SPIRAL WOUND GASKET 6 IN 150 # EPDM,MTR,SKF,PN-GAS-004,GASKET
CPSE_E,BHEL-E-GAS-02738,GASKET 6 IN 150 LB EPDM,NOS,SKF,PN-GAS-004,GASKET
CPSE_E,BHEL-E-GAS-02739,GASKET 6 IN 150 LB EPDM,NOS,HAVELS,PN-GAS-004,GASKET
CPSE_E,BHEL-E-GAS-02740,GASKET FULL FACE 6 IN CLASS 150 EPDM,KG,HAVELS,PN-GAS-004,GASKET
CPSE_E,BHEL-E-CAB-02741,POWER CABLE 4C X 16 SQMM COPPER 1.1KV,EA,SKF,PN-CAB-000,CABLE
CPSE_E,BHEL-E-CAB-02742,CABLE 4C X 16 SQMM COPPER XLPE 1.1KV ARMOURED,MTR,TATA,PN-CAB-000,CABLE
CPSE_E,BHEL-E-CAB-02743,CBL 4 CORE 16 MM2 COPPER 1.1KV ARMOURED,KG,L&T,PN-CAB-000,CABLE
CPSE_E,BHEL-E-CAB-02744,CABLE 4C * 16 SQMM COPPER XLPE 1.1KV,PC,GENERIC,PN-CAB-000,CABLE
CPSE_E,BHEL-E-CAB-02745,POWER CABLE 4C X 16 SQMM COPPER 1.1KV,NOS,FAG,PN-CAB-000,CABLE
CPSE_E,BHEL-E-CAB-02746,POWER CABLE 4C X 16 SQMM COPPER 1.1KV,NOS,TATA,PN-CAB-000,CABLE
CPSE_E,BHEL-E-CAB-02747,CABLE 4C X 16 SQMM COPPER XLPE 1.1KV ARMOURED,MTR,SKF,PN-CAB-000,CABLE
CPSE_E,BHEL-E-CAB-02748,CBL 4 CORE 16 MM2 COPPER 1.1KV ARMOURED,MTR,UNBRAKO,PN-CAB-000,CABLE
CPSE_E,BHEL-E-CAB-02749,CABLE 4C * 16 SQMM COPPER XLPE 1.1KV,EA,SKF,PN-CAB-000,CABLE
CPSE_E,BHEL-E-CAB-02750,POWER CABLE 4C X 16 SQMM COPPER 1.1KV,SET,L&T,PN-CAB-000,CABLE
CPSE_E,BHEL-E-CAB-02751,POWER CABLE 4C X 16 SQMM COPPER 1.1KV,KG,TATA,PN-CAB-000,CABLE
CPSE_E,BHEL-E-CAB-02752,CABLE 4C X 16 SQMM COPPER XLPE 1.1KV ARMOURED,KG,HAVELS,PN-CAB-000,CABLE
CPSE_E,BHEL-E-CAB-02753,POWER CABLE 3.5C X 16 SQMM COPPER 1.1KV,EA,FAG,PN-CAB-001,CABLE
CPSE_E,BHEL-E-CAB-02754,CABLE 3.5C X 16 SQMM COPPER XLPE 1.1KV ARMOURED,PC,FAG,PN-CAB-001,CABLE
CPSE_E,BHEL-E-CAB-02755,CBL 3.5 CORE 16 MM2 COPPER 1.1KV ARMOURED,PC,FAG,PN-CAB-001,CABLE
CPSE_E,BHEL-E-CAB-02756,CABLE 3.5C * 16 SQMM COPPER XLPE 1.1KV,KG,TATA,PN-CAB-001,CABLE
CPSE_E,BHEL-E-CAB-02757,POWER CABLE 3.5C X 16 SQMM COPPER 1.1KV,KG,SKF,PN-CAB-001,CABLE
CPSE_E,BHEL-E-CAB-02758,POWER CABLE 3.5C X 16 SQMM COPPER 1.1KV,KG,L&T,PN-CAB-001,CABLE
CPSE_E,BHEL-E-CAB-02759,CABLE 3.5C X 16 SQMM COPPER XLPE 1.1KV ARMOURED,MTR,HAVELS,PN-CAB-001,CABLE
CPSE_E,BHEL-E-CAB-02760,CBL 3.5 CORE 16 MM2 COPPER 1.1KV ARMOURED,NOS,L&T,PN-CAB-001,CABLE
CPSE_E,BHEL-E-CAB-02761,CABLE 3.5C * 16 SQMM COPPER XLPE 1.1KV,KG,SKF,PN-CAB-001,CABLE
CPSE_E,BHEL-E-CAB-02762,POWER CABLE 3.5C X 16 SQMM COPPER 1.1KV,EA,HAVELS,PN-CAB-001,CABLE
CPSE_E,BHEL-E-CAB-02763,POWER CABLE 3.5C X 16 SQMM COPPER 1.1KV,NOS,SKF,PN-CAB-001,CABLE
CPSE_E,BHEL-E-CAB-02764,CABLE 3.5C X 16 SQMM COPPER XLPE 1.1KV ARMOURED,SET,FAG,PN-CAB-001,CABLE
CPSE_E,BHEL-E-CAB-02765,POWER CABLE 3.5C X 95 SQMM ALUMINIUM 1.1KV,KG,TATA,PN-CAB-002,CABLE
CPSE_E,BHEL-E-CAB-02766,CABLE 3.5C X 95 SQMM ALUMINIUM XLPE 1.1KV ARMOURED,SET,SKF,PN-CAB-002,CABLE
CPSE_E,BHEL-E-CAB-02767,CBL 3.5 CORE 95 MM2 ALUMINIUM 1.1KV ARMOURED,PC,HAVELS,PN-CAB-002,CABLE
CPSE_E,BHEL-E-CAB-02768,CABLE 3.5C * 95 SQMM ALUMINIUM XLPE 1.1KV,NOS,SKF,PN-CAB-002,CABLE
CPSE_E,BHEL-E-CAB-02769,POWER CABLE 3.5C X 95 SQMM ALUMINIUM 1.1KV,PC,UNBRAKO,PN-CAB-002,CABLE
CPSE_E,BHEL-E-CAB-02770,POWER CABLE 3.5C X 95 SQMM ALUMINIUM 1.1KV,NOS,UNBRAKO,PN-CAB-002,CABLE
CPSE_E,BHEL-E-CAB-02771,CABLE 3.5C X 95 SQMM ALUMINIUM XLPE 1.1KV ARMOURED,MTR,TATA,PN-CAB-002,CABLE
CPSE_E,BHEL-E-CAB-02772,CBL 3.5 CORE 95 MM2 ALUMINIUM 1.1KV ARMOURED,KG,SKF,PN-CAB-002,CABLE
CPSE_E,BHEL-E-CAB-02773,CABLE 3.5C * 95 SQMM ALUMINIUM XLPE 1.1KV,PC,FAG,PN-CAB-002,CABLE
CPSE_E,BHEL-E-CAB-02774,POWER CABLE 3.5C X 95 SQMM ALUMINIUM 1.1KV,SET,HAVELS,PN-CAB-002,CABLE
CPSE_E,BHEL-E-CAB-02775,POWER CABLE 3.5C X 95 SQMM ALUMINIUM 1.1KV,KG,FAG,PN-CAB-002,CABLE
CPSE_E,BHEL-E-CAB-02776,CABLE 3.5C X 95 SQMM ALUMINIUM XLPE 1.1KV ARMOURED,PC,UNBRAKO,PN-CAB-002,CABLE
CPSE_E,BHEL-E-CAB-02777,POWER CABLE 2C X 2.5 SQMM COPPER 1.1KV,EA,HAVELS,PN-CAB-003,CABLE
CPSE_E,BHEL-E-CAB-02778,CABLE 2C X 2.5 SQMM COPPER PVC 1.1KV UNARMOURED,SET,FAG,PN-CAB-003,CABLE
CPSE_E,BHEL-E-CAB-02779,CBL 2 CORE 2.5 MM2 COPPER 1.1KV UNARMOURED,MTR,HAVELS,PN-CAB-003,CABLE
CPSE_E,BHEL-E-CAB-02780,CABLE 2C * 2.5 SQMM COPPER PVC 1.1KV,NOS,GENERIC,PN-CAB-003,CABLE
CPSE_E,BHEL-E-CAB-02781,POWER CABLE 2C X 2.5 SQMM COPPER 1.1KV,NOS,GENERIC,PN-CAB-003,CABLE
CPSE_E,BHEL-E-CAB-02782,POWER CABLE 2C X 2.5 SQMM COPPER 1.1KV,MTR,HAVELS,PN-CAB-003,CABLE
CPSE_E,BHEL-E-CAB-02783,CABLE 2C X 2.5 SQMM COPPER PVC 1.1KV UNARMOURED,SET,UNBRAKO,PN-CAB-003,CABLE
CPSE_E,BHEL-E-CAB-02784,CBL 2 CORE 2.5 MM2 COPPER 1.1KV UNARMOURED,EA,TATA,PN-CAB-003,CABLE
CPSE_E,BHEL-E-CAB-02785,CABLE 2C * 2.5 SQMM COPPER PVC 1.1KV,KG,GENERIC,PN-CAB-003,CABLE
CPSE_E,BHEL-E-CAB-02786,POWER CABLE 2C X 2.5 SQMM COPPER 1.1KV,MTR,TATA,PN-CAB-003,CABLE
CPSE_E,BHEL-E-CAB-02787,POWER CABLE 2C X 2.5 SQMM COPPER 1.1KV,NOS,TATA,PN-CAB-003,CABLE
CPSE_E,BHEL-E-CAB-02788,CABLE 2C X 2.5 SQMM COPPER PVC 1.1KV UNARMOURED,SET,UNBRAKO,PN-CAB-003,CABLE
CPSE_E,BHEL-E-CAB-02789,POWER CABLE 3C X 185 SQMM ALUMINIUM 11KV,SET,L&T,PN-CAB-004,CABLE
CPSE_E,BHEL-E-CAB-02790,CABLE 3C X 185 SQMM ALUMINIUM XLPE 11KV ARMOURED,SET,FAG,PN-CAB-004,CABLE
CPSE_E,BHEL-E-CAB-02791,CBL 3 CORE 185 MM2 ALUMINIUM 11KV ARMOURED,NOS,SKF,PN-CAB-004,CABLE
CPSE_E,BHEL-E-CAB-02792,CABLE 3C * 185 SQMM ALUMINIUM XLPE 11KV,PC,UNBRAKO,PN-CAB-004,CABLE
CPSE_E,BHEL-E-CAB-02793,POWER CABLE 3C X 185 SQMM ALUMINIUM 11KV,EA,SKF,PN-CAB-004,CABLE
CPSE_E,BHEL-E-CAB-02794,POWER CABLE 3C X 185 SQMM ALUMINIUM 11KV,EA,SKF,PN-CAB-004,CABLE
CPSE_E,BHEL-E-CAB-02795,CABLE 3C X 185 SQMM ALUMINIUM XLPE 11KV ARMOURED,NOS,UNBRAKO,PN-CAB-004,CABLE
CPSE_E,BHEL-E-CAB-02796,CBL 3 CORE 185 MM2 ALUMINIUM 11KV ARMOURED,PC,HAVELS,PN-CAB-004,CABLE
CPSE_E,BHEL-E-CAB-02797,CABLE 3C * 185 SQMM ALUMINIUM XLPE 11KV,EA,HAVELS,PN-CAB-004,CABLE
CPSE_E,BHEL-E-CAB-02798,POWER CABLE 3C X 185 SQMM ALUMINIUM 11KV,NOS,TATA,PN-CAB-004,CABLE
CPSE_E,BHEL-E-CAB-02799,POWER CABLE 3C X 185 SQMM ALUMINIUM 11KV,MTR,HAVELS,PN-CAB-004,CABLE
CPSE_E,BHEL-E-CAB-02800,CABLE 3C X 185 SQMM ALUMINIUM XLPE 11KV ARMOURED,NOS,L&T,PN-CAB-004,CABLE
